ALIGN_SPLIT,OPTIMIZE_SPLIT,OPTIMIZE_REPS,CUDA_THREADS,N_RESTART,CLIPPING,SIM_THRESH,BUFFER_SIZE,WORKER_PARS,WORKER_BUCK,WORKER_DS,TIME,THROUG,AVG_RMSD
8,8,1,32,256,50,1,5242880,20,4,6,86.049,5224.94,2.42
8,8,2,32,1024,30,3,20971520,20,4,6,238.027,1888.86,2.63
8,8,2,96,1024,50,1,1048576,20,4,6,257.928,1743.12,2.40
8,8,2,128,256,256,4,52428800,20,4,6,98.871,4547.34,2.16
8,8,2,224,1024,10,4,5242880,20,4,6,282.670,1590.55,2.93
8,8,3,224,1024,30,2,20971520,20,4,6,377.607,1190.65,2.51
8,8,4,160,256,256,3,5242880,20,4,6,120.926,3717.98,2.15
8,8,4,224,1024,256,1,1048576,20,4,6,481.429,933.88,2.16
8,8,5,96,1024,30,2,20971520,20,4,6,495.267,907.79,2.50
8,8,5,128,1024,10,2,52428800,20,4,6,463.255,970.52,2.83
8,8,5,160,256,50,4,1048576,20,4,6,132.746,3386.92,2.43
8,8,5,192,256,30,2,1048576,20,4,6,142.272,3160.15,2.48
8,8,5,192,1024,50,2,1048576,20,4,6,502.374,894.95,2.44
8,12,3,64,256,50,3,2097152,20,4,6,136.560,3292.33,2.35
8,12,4,64,256,10,4,20971520,20,4,6,155.288,2895.27,2.75
8,12,4,96,256,10,3,1048576,20,4,6,139.113,3231.91,2.67
8,12,4,192,256,10,3,52428800,20,4,6,140.071,3209.80,2.67
8,12,4,192,256,30,1,2097152,20,4,6,140.683,3195.84,2.42
8,12,4,192,256,50,2,20971520,20,4,6,141.608,3174.96,2.29
8,12,4,256,1024,30,1,20971520,20,4,6,496.395,905.73,2.39
8,12,5,192,256,10,1,5242880,20,4,6,163.786,2745.05,2.71
8,16,1,96,256,30,2,52428800,20,4,6,88.755,5065.64,2.43
8,16,1,96,256,256,4,52428800,20,4,6,79.355,5665.69,2.15
8,16,1,96,1024,256,1,10485760,20,4,6,226.234,1987.32,2.18
8,16,1,128,256,256,2,5242880,20,4,6,95.494,4708.15,2.15
8,16,2,32,256,10,4,52428800,20,4,6,105.480,4262.42,2.78
8,16,2,64,1024,10,4,10485760,20,4,6,396.397,1134.21,2.88
8,16,3,192,1024,256,2,1048576,20,4,6,472.708,951.11,2.11
8,16,3,224,1024,30,4,5242880,20,4,6,502.880,894.05,2.64
8,16,4,32,1024,256,2,52428800,20,4,6,542.488,828.77,2.11
8,16,4,64,256,50,4,10485760,20,4,6,180.962,2484.50,2.37
8,20,2,64,256,10,3,52428800,20,4,6,124.379,3614.76,2.73
8,20,2,224,256,256,4,2097152,20,4,6,130.633,3441.71,2.11
8,20,3,192,1024,30,3,20971520,20,4,6,511.502,878.98,2.45
8,20,4,64,256,50,4,1048576,20,4,6,200.007,2247.92,2.36
8,20,4,128,256,30,2,5242880,20,4,6,164.013,2741.25,2.40
8,20,4,128,1024,256,1,52428800,20,4,6,616.227,729.60,2.06
8,20,4,160,1024,10,2,10485760,20,4,6,591.068,760.65,2.72
8,20,4,192,256,30,3,2097152,20,4,6,174.101,2582.41,2.41
8,20,5,64,1024,10,2,5242880,20,4,6,927.913,484.52,2.72
8,24,1,192,256,256,1,10485760,20,4,6,104.744,4292.37,2.15
8,24,2,256,1024,50,1,2097152,20,4,6,426.570,1053.99,2.30
8,24,3,64,1024,30,2,10485760,20,4,6,678.613,662.52,2.38
8,24,3,160,1024,10,3,20971520,20,4,6,529.923,848.42,2.68
8,24,3,256,1024,30,3,20971520,20,4,6,573.133,784.46,2.50
8,24,4,96,256,30,1,5242880,20,4,6,188.634,2383.45,2.43
8,24,4,192,1024,50,1,10485760,20,4,6,722.825,622.00,2.28
8,24,4,224,256,50,3,5242880,20,4,6,205.673,2185.99,2.34
8,24,4,256,256,50,2,5242880,20,4,6,195.460,2300.21,2.31
8,24,5,32,1024,256,4,5242880,20,4,6,819.307,548.75,2.16
8,24,5,64,1024,10,2,10485760,20,4,6,1019.571,440.97,2.63
8,24,5,224,1024,30,4,20971520,20,4,6,947.968,474.27,2.57
8,24,5,224,1024,50,1,52428800,20,4,6,946.500,475.01,2.28
8,32,1,96,256,30,2,5242880,20,4,6,100.740,4462.98,2.41
8,32,1,224,1024,10,2,20971520,20,4,6,330.529,1360.24,2.76
8,32,2,32,256,10,1,52428800,20,4,6,134.136,3351.82,2.92
8,32,2,32,1024,50,2,2097152,20,4,6,458.931,979.67,2.29
8,32,3,256,256,256,4,1048576,20,4,6,191.504,2347.73,2.10
8,32,4,192,1024,256,2,52428800,20,4,6,876.158,513.15,2.14
8,32,4,224,1024,256,2,10485760,20,4,6,960.324,468.17,2.14
8,32,5,192,256,30,2,5242880,20,4,6,262.168,1714.93,2.40
8,48,1,32,1024,256,1,10485760,20,4,6,370.300,1214.15,2.15
8,48,1,224,256,256,1,20971520,20,4,6,131.887,3408.98,2.14
8,48,3,96,256,10,1,52428800,20,4,6,230.140,1953.59,2.81
8,48,3,160,1024,50,3,1048576,20,4,6,839.694,535.43,2.34
8,48,3,224,1024,10,4,5242880,20,4,6,981.138,458.24,2.86
8,48,4,96,256,30,3,5242880,20,4,6,285.650,1573.95,2.35
8,48,4,192,256,30,4,1048576,20,4,6,293.211,1533.37,2.41
8,48,5,32,1024,30,4,10485760,20,4,6,1281.810,350.75,2.55
8,48,5,160,256,50,1,1048576,20,4,6,333.799,1346.92,2.25
8,72,1,192,256,50,1,1048576,20,4,6,138.693,3241.69,2.31
8,72,2,96,1024,50,2,52428800,20,4,6,848.430,529.92,2.31
8,72,3,160,256,10,1,5242880,20,4,6,291.444,1542.66,2.89
8,72,4,96,1024,10,3,5242880,20,4,6,1544.430,291.11,2.82
8,72,5,64,256,256,3,5242880,20,4,6,594.475,756.29,2.05
8,72,5,128,256,50,2,20971520,20,4,6,453.447,991.51,2.25
12,8,2,128,1024,256,2,5242880,20,4,6,259.468,1732.78,2.26
12,8,2,224,256,50,1,2097152,20,4,6,93.106,4828.91,2.40
12,8,3,160,256,256,3,2097152,20,4,6,114.867,3914.10,2.20
12,8,3,224,256,10,2,52428800,20,4,6,111.023,4049.62,2.80
12,8,4,128,1024,256,3,2097152,20,4,6,414.751,1084.02,2.27
12,12,1,32,256,50,3,5242880,20,4,6,67.872,6624.24,2.47
12,12,1,64,256,50,3,10485760,20,4,6,72.565,6195.83,2.47
12,12,1,224,1024,30,4,52428800,20,4,6,223.149,2014.80,2.72
12,12,2,32,256,50,4,5242880,20,4,6,99.698,4509.62,2.42
12,12,2,192,1024,30,2,2097152,20,4,6,304.357,1477.21,2.48
12,12,4,128,1024,256,2,1048576,20,4,6,489.191,919.07,2.20
12,12,4,256,256,30,1,10485760,20,4,6,143.864,3125.18,2.46
12,12,4,256,1024,256,1,20971520,20,4,6,518.719,866.75,2.17
12,12,5,64,256,50,3,52428800,20,4,6,188.861,2380.59,2.41
12,12,5,96,1024,50,2,52428800,20,4,6,593.471,757.57,2.34
12,12,5,128,1024,10,3,52428800,20,4,6,555.479,809.39,2.84
12,16,1,64,256,10,1,2097152,20,4,6,95.859,4690.23,2.71
12,16,1,64,256,50,1,2097152,20,4,6,82.338,5460.43,2.35
12,16,1,128,256,50,3,1048576,20,4,6,90.447,4970.87,2.42
12,16,3,64,256,10,2,5242880,20,4,6,140.289,3204.82,2.69
12,16,3,64,1024,256,4,10485760,20,4,6,573.657,783.74,2.20
12,20,1,64,256,256,3,10485760,20,4,6,98.141,4581.17,2.19
12,20,1,64,256,256,3,20971520,20,4,6,104.266,4312.05,2.19
12,20,1,64,256,256,4,2097152,20,4,6,105.786,4250.09,2.19
12,20,1,96,256,50,3,52428800,20,4,6,93.438,4811.75,2.44
12,20,1,96,1024,30,4,2097152,20,4,6,245.470,1831.59,2.61
12,20,1,128,1024,256,1,10485760,20,4,6,243.218,1848.55,2.18
12,20,1,256,256,256,4,1048576,20,4,6,97.277,4621.86,2.19
12,20,2,32,1024,10,1,52428800,20,4,6,358.391,1254.49,2.90
12,20,3,32,1024,30,1,52428800,20,4,6,483.605,929.68,2.45
12,20,5,64,256,50,1,5242880,20,4,6,241.889,1858.70,2.33
12,20,5,128,1024,30,2,5242880,20,4,6,723.509,621.41,2.45
12,24,1,160,256,256,2,10485760,20,4,6,101.144,4445.15,2.14
12,24,1,160,1024,10,1,10485760,20,4,6,249.374,1802.91,2.80
12,24,1,192,1024,256,3,20971520,20,4,6,275.538,1631.72,2.22
12,24,3,96,256,50,3,10485760,20,4,6,155.754,2886.60,2.34
12,24,3,96,1024,256,1,1048576,20,4,6,588.043,764.57,2.09
12,24,4,96,256,30,2,20971520,20,4,6,187.888,2392.92,2.37
12,24,4,160,256,30,1,52428800,20,4,6,183.425,2451.14,2.39
12,24,5,32,256,30,1,52428800,20,4,6,210.600,2134.85,2.39
12,32,1,32,256,50,2,1048576,20,4,6,100.345,4480.55,2.35
12,32,2,128,256,256,3,20971520,20,4,6,145.017,3100.33,2.10
12,32,2,224,1024,10,4,5242880,20,4,6,547.628,820.99,2.88
12,32,3,64,1024,30,2,1048576,20,4,6,830.697,541.23,2.39
12,32,3,160,256,50,4,20971520,20,4,6,170.116,2642.90,2.36
12,32,5,32,1024,50,2,2097152,20,4,6,967.501,464.70,2.31
12,48,1,256,1024,256,4,10485760,20,4,6,413.959,1086.10,2.27
12,48,2,64,1024,10,3,5242880,20,4,6,787.776,570.72,2.70
12,48,2,224,256,30,1,10485760,20,4,6,189.648,2370.71,2.43
12,48,2,224,1024,256,4,1048576,20,4,6,727.863,617.70,2.22
12,48,3,96,1024,10,2,5242880,20,4,6,886.693,507.05,2.75
12,48,3,256,1024,256,3,52428800,20,4,6,904.632,496.99,2.17
12,48,4,32,256,30,3,5242880,20,4,6,272.626,1649.14,2.45
12,48,4,64,1024,30,1,2097152,20,4,6,1399.502,321.25,2.42
12,48,5,160,1024,50,4,2097152,20,4,6,1302.320,345.23,2.46
12,48,5,192,1024,10,2,1048576,20,4,6,1392.992,322.75,2.79
12,72,2,32,256,10,1,10485760,20,4,6,206.875,2173.29,2.77
12,72,3,128,1024,256,2,20971520,20,4,6,1158.378,388.12,2.13
12,72,3,192,256,30,1,10485760,20,4,6,307.163,1463.72,2.41
12,72,3,256,256,50,3,1048576,20,4,6,315.375,1425.60,2.34
12,72,4,160,1024,50,3,52428800,20,4,6,1460.398,307.86,2.38
12,72,4,192,1024,30,3,10485760,20,4,6,1551.251,289.83,2.47
12,72,5,32,1024,256,4,5242880,20,4,6,1787.562,251.51,2.21
16,8,1,160,1024,50,3,1048576,20,4,6,190.075,2365.38,2.43
16,8,3,256,256,256,1,5242880,20,4,6,120.149,3742.02,2.12
16,12,1,192,1024,10,4,52428800,20,4,6,213.151,2109.30,2.84
16,12,2,128,256,50,2,5242880,20,4,6,104.560,4299.93,2.27
16,12,3,32,1024,30,1,1048576,20,4,6,387.655,1159.79,2.46
16,12,3,160,1024,30,4,5242880,20,4,6,389.417,1154.54,2.54
16,12,4,64,256,256,3,20971520,20,4,6,172.492,2606.50,2.07
16,12,5,160,256,30,3,20971520,20,4,6,155.985,2882.33,2.39
16,16,1,96,1024,256,2,10485760,20,4,6,245.272,1833.07,2.15
16,16,1,128,256,10,1,5242880,20,4,6,92.945,4837.28,2.93
16,16,2,256,256,30,3,1048576,20,4,6,111.403,4035.80,2.42
16,16,5,64,1024,30,1,5242880,20,4,6,855.605,525.47,2.42
16,20,2,224,1024,256,4,2097152,20,4,6,455.602,986.82,2.16
16,20,3,192,1024,10,2,2097152,20,4,6,524.958,856.45,2.69
16,20,4,96,256,50,2,52428800,20,4,6,175.984,2554.78,2.18
16,20,4,256,256,256,2,10485760,20,4,6,192.819,2331.72,2.04
16,20,5,32,1024,50,3,52428800,20,4,6,731.278,614.81,2.27
16,20,5,128,1024,50,4,10485760,20,4,6,732.204,614.03,2.39
16,24,1,192,1024,50,1,20971520,20,4,6,274.395,1638.51,2.32
16,24,3,128,256,30,4,20971520,20,4,6,147.497,3048.20,2.36
16,24,4,96,1024,30,1,5242880,20,4,6,722.074,622.65,2.39
16,24,4,160,1024,50,1,52428800,20,4,6,693.284,648.50,2.30
16,24,5,64,256,256,4,52428800,20,4,6,284.100,1582.54,2.05
16,24,5,256,256,10,2,20971520,20,4,6,226.215,1987.49,2.66
16,32,1,32,256,30,4,1048576,20,4,6,88.511,5079.60,2.39
16,32,1,192,256,256,1,10485760,20,4,6,111.387,4036.38,2.10
16,32,1,224,1024,10,4,20971520,20,4,6,350.064,1284.33,2.70
16,32,1,256,1024,50,3,20971520,20,4,6,327.098,1374.51,2.30
16,32,2,64,256,30,1,5242880,20,4,6,161.447,2784.82,2.38
16,32,2,192,1024,256,3,5242880,20,4,6,527.130,852.92,2.12
16,32,3,96,1024,10,2,5242880,20,4,6,679.860,661.31,2.64
16,32,3,128,256,50,3,10485760,20,4,6,176.160,2552.23,2.29
16,32,3,128,1024,30,4,1048576,20,4,6,653.054,688.45,2.45
16,32,3,192,1024,10,3,5242880,20,4,6,692.125,649.59,2.70
16,32,4,32,1024,10,1,52428800,20,4,6,809.388,555.48,2.81
16,32,4,64,1024,256,1,52428800,20,4,6,1085.060,414.35,2.04
16,32,4,96,256,256,3,1048576,20,4,6,235.612,1908.22,2.08
16,32,4,160,256,30,1,5242880,20,4,6,213.407,2106.77,2.34
16,32,5,96,1024,256,2,5242880,20,4,6,1064.034,422.54,2.07
16,32,5,128,256,30,4,5242880,20,4,6,249.814,1799.74,2.35
16,32,5,192,1024,30,4,52428800,20,4,6,1041.052,431.87,2.42
16,32,5,224,256,50,3,52428800,20,4,6,297.300,1512.28,2.27
16,48,1,160,256,30,2,10485760,20,4,6,101.548,4427.47,2.37
16,48,1,192,1024,10,4,1048576,20,4,6,385.839,1165.25,2.80
16,48,2,64,256,30,4,1048576,20,4,6,206.403,2178.26,2.38
16,48,2,96,256,30,1,52428800,20,4,6,175.914,2555.79,2.35
16,48,2,224,1024,30,1,2097152,20,4,6,730.197,615.72,2.38
16,48,4,32,256,10,4,5242880,20,4,6,268.911,1671.93,2.63
16,48,5,32,1024,30,2,5242880,20,4,6,1296.801,346.70,2.35
16,48,5,192,1024,10,3,20971520,20,4,6,1382.169,325.28,2.74
16,48,5,224,256,50,4,10485760,20,4,6,390.861,1150.28,2.33
16,72,1,96,256,10,2,5242880,20,4,6,142.322,3159.04,2.58
16,72,1,128,1024,30,4,10485760,20,4,6,478.312,939.97,2.51
16,72,3,128,1024,256,2,5242880,20,4,6,1141.746,393.78,2.03
16,72,4,96,1024,10,3,10485760,20,4,6,1559.539,288.29,2.57
16,72,5,32,256,30,1,10485760,20,4,6,449.162,1000.97,2.30
16,72,5,32,256,50,3,52428800,20,4,6,450.247,998.56,2.20
16,72,5,64,1024,30,4,10485760,20,4,6,2354.056,190.98,2.48
20,8,1,32,1024,10,2,1048576,20,4,6,197.845,2272.49,2.79
20,8,1,32,1024,10,4,52428800,20,4,6,193.238,2326.66,2.83
20,8,1,96,1024,50,3,52428800,20,4,6,207.563,2166.09,2.49
20,8,2,96,1024,10,3,5242880,20,4,6,294.436,1526.99,2.78
20,8,2,224,1024,50,2,5242880,20,4,6,330.336,1361.04,2.46
20,8,2,224,1024,256,3,5242880,20,4,6,346.209,1298.64,2.19
20,8,3,64,1024,10,2,10485760,20,4,6,445.120,1010.06,2.88
20,8,3,64,1024,50,4,2097152,20,4,6,448.308,1002.88,2.50
20,8,3,224,1024,30,1,52428800,20,4,6,412.728,1089.33,2.48
20,8,3,224,1024,30,3,5242880,20,4,6,416.957,1078.29,2.49
20,8,4,192,1024,10,4,10485760,20,4,6,455.482,987.08,2.90
20,8,4,224,1024,256,2,10485760,20,4,6,522.016,861.27,2.17
20,8,5,128,256,50,1,1048576,20,4,6,144.957,3101.61,2.31
20,12,1,128,1024,30,4,1048576,20,4,6,218.166,2060.82,2.55
20,12,1,256,256,256,1,52428800,20,4,6,80.191,5606.62,2.08
20,12,2,64,1024,30,3,5242880,20,4,6,404.743,1110.83,2.40
20,12,2,192,1024,10,3,2097152,20,4,6,332.435,1352.44,2.72
20,12,2,192,1024,256,1,5242880,20,4,6,357.988,1255.91,2.07
20,12,3,64,256,30,1,5242880,20,4,6,143.814,3126.26,2.34
20,12,3,192,256,50,2,10485760,20,4,6,128.697,3493.48,2.26
20,12,3,192,256,256,3,52428800,20,4,6,137.580,3267.92,2.06
20,12,3,192,1024,256,2,2097152,20,4,6,448.070,1003.41,2.12
20,12,4,160,1024,10,4,52428800,20,4,6,502.941,893.94,2.78
20,12,5,128,256,10,4,10485760,20,4,6,161.578,2782.56,2.73
20,12,5,160,256,30,2,20971520,20,4,6,163.989,2741.65,2.32
20,16,1,32,1024,50,1,10485760,20,4,6,236.955,1897.41,2.24
20,16,2,96,256,50,1,1048576,20,4,6,109.517,4105.30,2.26
20,16,3,64,1024,30,4,1048576,20,4,6,594.077,756.80,2.53
20,16,4,32,256,50,3,20971520,20,4,6,159.292,2822.49,2.33
20,16,4,32,256,256,1,10485760,20,4,6,167.634,2682.03,2.07
20,16,4,64,256,10,4,5242880,20,4,6,187.341,2399.90,2.67
20,16,4,64,256,10,4,20971520,20,4,6,185.908,2418.40,2.67
20,16,4,64,1024,50,2,52428800,20,4,6,735.720,611.10,2.24
20,16,5,192,1024,10,4,1048576,20,4,6,717.480,626.63,2.85
20,20,1,128,1024,256,3,5242880,20,4,6,266.253,1688.62,2.15
20,20,1,160,256,10,3,10485760,20,4,6,95.790,4693.61,2.63
20,20,1,160,256,30,2,5242880,20,4,6,93.795,4793.44,2.34
20,20,1,160,256,256,4,1048576,20,4,6,91.894,4892.60,2.11
20,20,2,128,256,30,4,52428800,20,4,6,121.146,3711.23,2.43
20,20,4,64,256,50,1,1048576,20,4,6,212.370,2117.06,2.25
20,20,4,160,256,256,1,2097152,20,4,6,182.016,2470.11,2.06
20,20,4,192,256,256,1,52428800,20,4,6,191.310,2350.11,2.06
20,20,4,256,256,50,3,52428800,20,4,6,184.962,2430.77,2.29
20,20,5,32,1024,10,3,1048576,20,4,6,749.520,599.85,2.51
20,20,5,192,256,10,2,10485760,20,4,6,207.147,2170.44,2.53
20,20,5,192,1024,256,4,2097152,20,4,6,816.908,550.36,2.12
20,20,5,224,256,50,3,5242880,20,4,6,230.605,1949.65,2.30
20,24,1,128,1024,50,4,20971520,20,4,6,275.360,1632.77,2.41
20,24,1,256,1024,30,3,2097152,20,4,6,302.972,1483.96,2.42
20,24,2,96,256,256,4,52428800,20,4,6,138.836,3238.36,2.09
20,24,3,64,1024,30,1,5242880,20,4,6,740.951,606.78,2.34
20,24,3,160,256,30,1,10485760,20,4,6,159.552,2817.89,2.31
20,24,3,192,256,30,2,10485760,20,4,6,167.959,2676.84,2.32
20,24,3,256,1024,50,2,10485760,20,4,6,609.939,737.12,2.29
20,24,5,192,256,256,3,5242880,20,4,6,240.786,1867.22,2.08
20,32,2,96,1024,50,3,5242880,20,4,6,523.833,858.29,2.32
20,32,2,224,256,10,1,1048576,20,4,6,156.038,2881.35,2.76
20,32,2,256,256,50,1,5242880,20,4,6,149.437,3008.63,2.20
20,32,3,96,1024,10,4,1048576,20,4,6,703.386,639.19,2.69
20,32,3,256,256,50,2,10485760,20,4,6,193.141,2327.83,2.22
20,32,5,32,1024,10,2,2097152,20,4,6,995.029,451.84,2.62
20,32,5,192,256,256,2,2097152,20,4,6,287.328,1564.76,2.06
20,48,1,192,1024,30,2,2097152,20,4,6,408.639,1100.24,2.35
20,48,2,192,1024,50,3,20971520,20,4,6,679.856,661.31,2.27
20,48,4,64,1024,30,4,5242880,20,4,6,1440.579,312.09,2.49
20,48,4,224,256,30,2,20971520,20,4,6,332.944,1350.38,2.29
20,48,4,224,1024,30,2,52428800,20,4,6,1285.418,349.77,2.32
20,48,5,32,1024,256,3,1048576,20,4,6,1315.075,341.88,2.06
20,48,5,64,1024,50,4,52428800,20,4,6,1734.130,259.26,2.38
20,48,5,128,256,50,2,2097152,20,4,6,336.372,1336.61,2.19
20,48,5,192,256,30,3,52428800,20,4,6,361.581,1243.43,2.28
20,48,5,224,256,30,4,52428800,20,4,6,393.654,1142.12,2.33
20,72,2,160,1024,50,3,20971520,20,4,6,834.435,538.80,2.30
20,72,5,96,1024,256,1,2097152,20,4,6,1919.397,234.24,2.02
20,72,5,192,1024,50,1,20971520,20,4,6,1950.902,230.45,2.19
20,72,5,256,1024,10,2,5242880,20,4,6,1918.899,234.30,2.55
20,72,5,256,1024,30,1,2097152,20,4,6,1914.794,234.80,2.35
24,8,1,256,256,50,2,52428800,20,4,6,85.565,5254.49,2.34
24,8,2,32,1024,50,4,1048576,20,4,6,296.618,1515.75,2.47
24,8,2,224,256,30,2,52428800,20,4,6,104.449,4304.50,2.41
24,8,3,128,1024,256,2,10485760,20,4,6,386.934,1161.95,2.16
24,8,4,32,256,50,4,5242880,20,4,6,121.498,3700.48,2.35
24,8,4,160,1024,50,4,52428800,20,4,6,449.684,999.81,2.47
24,8,4,256,1024,30,3,10485760,20,4,6,482.059,932.66,2.46
24,8,5,224,256,10,4,1048576,20,4,6,165.691,2713.49,2.72
24,8,5,224,1024,50,4,10485760,20,4,6,622.958,721.71,2.47
24,12,1,32,256,256,4,10485760,20,4,6,91.998,4887.07,2.10
24,12,3,32,1024,10,3,5242880,20,4,6,423.821,1060.82,2.60
24,12,3,256,1024,256,3,10485760,20,4,6,471.749,953.05,2.15
24,12,4,256,1024,50,3,2097152,20,4,6,555.805,808.91,2.32
24,12,5,96,1024,256,4,10485760,20,4,6,650.172,691.51,2.14
24,12,5,256,256,10,1,1048576,20,4,6,174.184,2581.18,2.81
24,16,2,64,256,256,3,5242880,20,4,6,146.138,3076.55,2.10
24,16,2,128,256,30,3,20971520,20,4,6,106.044,4239.75,2.39
24,16,2,192,1024,50,4,1048576,20,4,6,394.195,1140.55,2.51
24,16,3,128,1024,30,1,2097152,20,4,6,483.585,929.72,2.35
24,16,3,160,1024,50,1,2097152,20,4,6,492.015,913.79,2.26
24,16,3,224,256,30,4,5242880,20,4,6,153.890,2921.57,2.42
24,16,4,64,256,10,4,2097152,20,4,6,198.177,2268.68,2.71
24,20,1,32,1024,256,4,1048576,20,4,6,286.221,1570.81,2.20
24,20,1,256,256,256,2,2097152,20,4,6,105.876,4246.48,2.10
24,20,2,64,1024,10,1,10485760,20,4,6,522.916,859.79,2.89
24,20,2,96,256,30,3,52428800,20,4,6,125.351,3586.73,2.35
24,20,3,128,256,256,4,5242880,20,4,6,156.022,2881.65,2.09
24,20,4,128,256,50,4,5242880,20,4,6,177.809,2528.56,2.34
24,20,4,160,1024,256,1,52428800,20,4,6,673.628,667.43,2.04
24,20,5,256,256,256,1,10485760,20,4,6,229.938,1955.31,2.09
24,20,5,256,1024,50,4,20971520,20,4,6,833.949,539.12,2.40
24,24,1,96,1024,10,1,1048576,20,4,6,313.012,1436.36,2.77
24,24,1,192,256,50,1,5242880,20,4,6,103.325,4351.32,2.28
24,24,2,32,1024,10,2,52428800,20,4,6,439.875,1022.11,2.68
24,24,2,96,256,10,3,52428800,20,4,6,132.568,3391.47,2.67
24,24,2,224,1024,256,2,52428800,20,4,6,539.650,833.13,2.09
24,24,3,64,1024,10,4,1048576,20,4,6,747.027,601.85,2.75
24,24,3,128,256,10,4,2097152,20,4,6,154.130,2917.02,2.71
24,24,3,128,256,50,3,1048576,20,4,6,156.641,2870.26,2.28
24,24,3,160,1024,10,1,5242880,20,4,6,586.205,766.96,2.68
24,24,4,128,256,10,4,20971520,20,4,6,186.484,2410.93,2.69
24,24,4,160,256,30,1,20971520,20,4,6,188.041,2390.97,2.33
24,24,4,160,1024,10,2,10485760,20,4,6,720.828,623.72,2.62
24,24,5,160,256,256,2,1048576,20,4,6,233.623,1924.47,2.07
24,32,1,32,1024,50,4,52428800,20,4,6,333.484,1348.19,2.41
24,32,1,96,1024,30,4,52428800,20,4,6,351.452,1279.26,2.50
24,32,1,96,1024,256,2,52428800,20,4,6,368.399,1220.41,2.10
24,32,1,160,1024,50,1,1048576,20,4,6,334.859,1342.65,2.30
24,32,1,256,256,30,1,1048576,20,4,6,109.980,4088.02,2.41
24,32,2,192,1024,256,1,10485760,20,4,6,566.814,793.20,2.04
24,32,4,64,256,50,2,1048576,20,4,6,287.156,1565.70,2.22
24,32,4,224,1024,10,4,1048576,20,4,6,998.922,450.08,2.69
24,32,4,256,1024,50,3,20971520,20,4,6,918.565,489.46,2.29
24,32,5,96,256,10,3,2097152,20,4,6,272.882,1647.60,2.65
24,32,5,192,1024,10,4,10485760,20,4,6,1085.583,414.15,2.69
24,48,2,96,1024,10,3,52428800,20,4,6,687.606,653.86,2.65
24,48,2,192,1024,10,4,5242880,20,4,6,686.864,654.57,2.80
24,48,3,160,1024,30,1,10485760,20,4,6,890.391,504.94,2.29
24,48,3,160,1024,256,2,2097152,20,4,6,908.750,494.74,2.01
24,48,4,64,1024,50,3,1048576,20,4,6,1464.371,307.02,2.28
24,48,4,96,1024,10,2,20971520,20,4,6,1172.922,383.31,2.63
24,48,4,192,1024,30,2,1048576,20,4,6,1180.356,380.90,2.31
24,48,5,64,1024,50,4,20971520,20,4,6,1776.252,253.11,2.36
24,48,5,128,1024,50,2,1048576,20,4,6,1343.037,334.76,2.19
24,48,5,224,256,10,2,1048576,20,4,6,402.593,1116.76,2.60
24,72,1,128,256,10,3,10485760,20,4,6,145.419,3091.76,2.67
24,72,3,128,1024,10,3,10485760,20,4,6,1182.317,380.27,2.60
24,72,4,32,1024,30,3,2097152,20,4,6,1471.582,305.52,2.37
24,72,4,96,1024,10,3,52428800,20,4,6,1596.636,281.59,2.62
24,72,4,128,256,30,4,2097152,20,4,6,379.886,1183.51,2.36
24,72,4,160,256,256,4,1048576,20,4,6,393.038,1143.91,2.05
24,72,4,256,256,50,1,5242880,20,4,6,416.944,1078.32,2.23
24,72,5,32,1024,256,2,2097152,20,4,6,1810.487,248.33,2.04
24,72,5,96,256,10,4,10485760,20,4,6,488.437,920.48,2.67
24,72,5,96,1024,10,3,20971520,20,4,6,1918.426,234.35,2.62
24,72,5,96,1024,30,2,1048576,20,4,6,1921.419,233.99,2.30
32,8,1,192,256,50,4,1048576,20,4,6,95.237,4720.86,2.34
32,8,2,64,1024,50,4,10485760,20,4,6,457.586,982.54,2.42
32,8,2,192,256,10,4,2097152,20,4,6,112.015,4013.75,2.60
32,8,3,256,1024,256,4,52428800,20,4,6,473.122,950.28,2.19
32,8,4,128,1024,256,4,1048576,20,4,6,512.203,877.77,2.19
32,8,5,160,256,50,1,10485760,20,4,6,155.844,2884.94,2.28
32,12,1,96,1024,10,3,1048576,20,4,6,299.830,1499.51,2.74
32,12,1,96,1024,30,2,52428800,20,4,6,302.698,1485.31,2.38
32,12,1,96,1024,30,3,1048576,20,4,6,300.371,1496.81,2.45
32,12,2,64,1024,256,1,2097152,20,4,6,519.307,865.77,2.11
32,12,3,224,256,50,2,52428800,20,4,6,153.767,2923.91,2.28
32,12,4,160,1024,30,1,20971520,20,4,6,572.128,785.83,2.48
32,12,4,192,256,30,4,52428800,20,4,6,164.684,2730.08,2.46
32,12,5,160,256,10,4,1048576,20,4,6,171.314,2624.42,2.64
32,16,2,256,256,10,2,20971520,20,4,6,125.702,3576.72,2.68
32,16,4,96,1024,30,3,20971520,20,4,6,680.510,660.68,2.40
32,16,4,192,1024,256,1,2097152,20,4,6,698.960,643.24,2.05
32,16,5,224,256,30,1,1048576,20,4,6,222.421,2021.39,2.39
32,16,5,224,1024,50,1,5242880,20,4,6,878.068,512.03,2.22
32,20,1,32,1024,50,2,10485760,20,4,6,324.234,1386.65,2.28
32,20,2,96,256,30,3,1048576,20,4,6,137.094,3279.50,2.38
32,20,2,160,1024,30,1,2097152,20,4,6,460.315,976.72,2.35
32,20,3,64,256,256,4,5242880,20,4,6,208.352,2157.89,2.09
32,20,3,128,256,30,3,2097152,20,4,6,160.139,2807.56,2.36
32,20,3,256,1024,30,3,20971520,20,4,6,629.000,714.78,2.41
32,20,4,32,256,30,1,52428800,20,4,6,187.247,2401.11,2.34
32,20,4,64,1024,50,2,1048576,20,4,6,917.698,489.92,2.23
32,20,4,96,1024,30,1,10485760,20,4,6,753.044,597.04,2.31
32,20,4,224,256,256,1,2097152,20,4,6,227.640,1975.05,2.09
32,24,1,64,256,30,3,1048576,20,4,6,124.790,3602.86,2.36
32,24,1,256,1024,30,4,5242880,20,4,6,379.621,1184.34,2.49
32,24,3,256,256,30,1,1048576,20,4,6,182.042,2469.76,2.37
32,24,4,32,256,30,1,5242880,20,4,6,202.606,2219.09,2.38
32,24,4,224,1024,30,1,52428800,20,4,6,907.997,495.15,2.37
32,24,4,256,256,10,1,1048576,20,4,6,215.138,2089.82,2.86
32,32,1,64,1024,30,1,2097152,20,4,6,517.064,869.52,2.42
32,32,1,256,1024,50,3,5242880,20,4,6,415.968,1080.85,2.36
32,32,2,128,256,256,3,1048576,20,4,6,165.436,2717.67,2.10
32,32,2,160,1024,50,4,20971520,20,4,6,571.223,787.08,2.44
32,32,2,224,256,30,2,1048576,20,4,6,175.969,2555.00,2.33
32,32,2,224,1024,10,2,5242880,20,4,6,665.227,675.86,2.67
32,32,3,128,256,50,4,10485760,20,4,6,196.155,2292.07,2.30
32,32,3,224,1024,10,4,20971520,20,4,6,873.401,514.77,2.75
32,32,3,224,1024,50,2,1048576,20,4,6,869.882,516.85,2.28
32,32,4,96,256,10,3,1048576,20,4,6,244.969,1835.33,2.65
32,32,4,96,1024,50,2,20971520,20,4,6,970.071,463.47,2.27
32,32,4,160,256,30,1,52428800,20,4,6,234.408,1918.02,2.41
32,32,4,192,256,10,4,2097152,20,4,6,248.792,1807.13,2.68
32,48,2,160,1024,50,2,52428800,20,4,6,714.048,629.65,2.26
32,48,3,160,256,256,3,1048576,20,4,6,255.421,1760.23,2.06
32,48,4,160,256,30,2,2097152,20,4,6,295.559,1521.18,2.29
32,48,4,224,256,30,3,10485760,20,4,6,341.463,1316.69,2.38
32,48,5,160,256,50,1,1048576,20,4,6,358.587,1253.81,2.25
32,48,5,192,256,256,4,10485760,20,4,6,391.299,1148.99,2.05
32,72,1,160,1024,50,1,5242880,20,4,6,569.909,788.89,2.29
32,72,1,256,1024,50,3,5242880,20,4,6,616.184,729.65,2.36
32,72,2,64,1024,50,4,2097152,20,4,6,1195.541,376.06,2.42
32,72,2,192,256,10,3,2097152,20,4,6,248.062,1812.45,2.65
32,72,4,32,256,10,4,20971520,20,4,6,390.498,1151.35,2.69
32,72,4,32,1024,10,4,10485760,20,4,6,1538.532,292.22,2.77
32,72,4,64,256,30,4,20971520,20,4,6,513.561,875.45,2.37
32,72,4,64,1024,30,3,1048576,20,4,6,2033.837,221.06,2.38
32,72,4,64,1024,30,4,20971520,20,4,6,2056.886,218.58,2.47
32,72,4,192,256,30,2,20971520,20,4,6,421.728,1066.09,2.32
32,72,5,128,1024,10,2,52428800,20,4,6,1873.085,240.03,2.69
32,72,5,224,256,10,3,10485760,20,4,6,551.788,814.80,2.68
32,72,5,256,1024,50,1,20971520,20,4,6,2003.937,224.35,2.25
48,8,1,32,256,50,4,20971520,20,4,6,120.052,3745.05,2.43
48,8,2,64,1024,50,1,2097152,20,4,6,651.768,689.81,2.35
48,8,3,128,256,30,2,20971520,20,4,6,155.486,2891.58,2.40
48,8,3,160,256,50,2,52428800,20,4,6,153.893,2921.51,2.34
48,8,3,224,1024,30,1,10485760,20,4,6,666.970,674.09,2.44
48,8,4,256,256,50,4,20971520,20,4,6,182.099,2468.99,2.40
48,8,4,256,1024,10,4,52428800,20,4,6,689.661,651.91,2.80
48,8,5,96,256,10,2,5242880,20,4,6,195.745,2296.87,2.76
48,8,5,160,256,256,2,10485760,20,4,6,200.075,2247.16,2.11
48,12,1,224,256,10,1,52428800,20,4,6,133.833,3359.41,2.89
48,12,3,224,1024,30,4,10485760,20,4,6,731.275,614.81,2.60
48,12,5,128,1024,30,1,20971520,20,4,6,800.416,561.70,2.50
48,12,5,128,1024,256,1,20971520,20,4,6,821.652,547.19,2.16
48,12,5,160,256,256,1,20971520,20,4,6,220.387,2040.05,2.13
48,12,5,224,256,30,2,10485760,20,4,6,242.928,1850.75,2.37
48,12,5,224,1024,10,3,52428800,20,4,6,948.036,474.24,2.73
48,12,5,224,1024,30,1,2097152,20,4,6,946.113,475.20,2.50
48,12,5,256,1024,30,3,10485760,20,4,6,857.560,524.27,2.49
48,16,1,224,256,256,2,52428800,20,4,6,150.873,2979.99,2.15
48,16,1,224,1024,256,1,10485760,20,4,6,544.831,825.21,2.14
48,16,3,160,256,50,4,52428800,20,4,6,176.423,2548.42,2.34
48,16,4,160,1024,50,2,20971520,20,4,6,792.643,567.21,2.30
48,16,4,192,256,256,2,20971520,20,4,6,226.726,1983.01,2.12
48,16,5,224,256,30,2,52428800,20,4,6,265.222,1695.18,2.34
48,20,1,64,1024,256,4,5242880,20,4,6,650.781,690.86,2.28
48,20,1,128,256,10,4,52428800,20,4,6,130.781,3437.81,2.81
48,20,1,128,256,256,2,2097152,20,4,6,140.203,3206.78,2.14
48,20,1,256,1024,10,1,2097152,20,4,6,506.045,888.46,2.85
48,20,2,64,1024,30,1,10485760,20,4,6,805.027,558.49,2.42
48,20,3,128,256,30,2,1048576,20,4,6,187.698,2395.34,2.40
48,20,3,160,256,30,3,10485760,20,4,6,187.939,2392.27,2.42
48,20,3,224,256,50,4,1048576,20,4,6,220.612,2037.97,2.40
48,20,3,224,1024,50,3,20971520,20,4,6,862.352,521.36,2.34
48,20,4,32,1024,10,1,10485760,20,4,6,845.101,532.00,2.81
48,20,4,192,1024,256,4,52428800,20,4,6,918.116,489.69,2.21
48,24,1,256,1024,50,4,10485760,20,4,6,534.420,841.28,2.50
48,24,2,128,1024,50,2,5242880,20,4,6,639.165,703.41,2.29
48,24,2,224,256,10,3,20971520,20,4,6,191.696,2345.38,2.66
48,24,3,64,1024,10,2,52428800,20,4,6,1023.451,439.29,2.76
48,24,3,128,1024,50,1,1048576,20,4,6,783.849,573.58,2.25
48,24,3,224,1024,10,2,5242880,20,4,6,904.651,496.98,2.76
48,24,4,64,256,10,4,52428800,20,4,6,303.276,1482.48,2.73
48,24,5,32,1024,10,1,5242880,20,4,6,1048.506,428.80,2.94
48,24,5,160,256,256,4,5242880,20,4,6,282.550,1591.22,2.12
48,32,1,32,1024,30,3,2097152,20,4,6,522.498,860.48,2.43
48,32,1,64,1024,256,4,1048576,20,4,6,723.753,621.20,2.18
48,32,2,64,1024,256,4,10485760,20,4,6,959.868,468.39,2.16
48,32,2,256,256,256,3,10485760,20,4,6,209.391,2147.18,2.06
48,32,3,32,1024,50,4,10485760,20,4,6,882.475,509.47,2.41
48,32,3,128,1024,30,3,5242880,20,4,6,881.562,510.00,2.37
48,32,3,160,1024,10,4,10485760,20,4,6,883.275,509.01,2.72
