x,size,y
1,S,29.9067080838509
1,S,30.47472632779996
1,S,30.52233242279924
2,S,21.54653779247249
2,S,19.49720239938528
2,S,22.19457359727143
3,S,15.764003900173392
3,S,16.86218725096995
3,S,17.239119464981624
4,S,15.13029289338224
4,S,14.269094932169567
4,S,14.33170027681103
5,S,15.376493263223702
5,S,14.812906205499862
5,S,13.406383334900745
6,S,12.154809064033927
6,S,13.635234057050956
6,S,12.45483268737138
7,S,14.026926372190207
7,S,11.5982194399084
7,S,10.694022894635356
8,S,12.105468962355255
8,S,12.906373681560815
8,S,12.431952526264737
9,S,11.90884806517637
9,S,12.877026204691116
9,S,12.604295886605899
10,S,12.327497050357668
10,S,11.071351517705997
10,S,13.377139327577767
11,S,12.134057087610984
11,S,10.913269870518045
11,S,12.059697449358264
12,S,12.382692522088965
12,S,10.348353363251968
12,S,13.285253653064686
13,S,12.141770321274432
13,S,11.426975888679616
13,S,11.874761253013466
14,S,11.884464420391952
14,S,10.762146688998634
14,S,10.448218234707312
15,S,11.879775396849595
15,S,10.800387459276141
15,S,12.060778295086761
16,S,12.923768893122322
16,S,12.063824648901598
16,S,9.729688796937326
17,S,10.952865249704246
17,S,12.694622199014379
17,S,12.078929822793963
18,S,12.265410908625604
18,S,11.06640746040628
18,S,12.022030100142752
19,S,10.220283475799906
19,S,10.94802587898633
19,S,10.177320346504382
20,S,11.162295653834018
20,S,11.163787130529611
20,S,8.882140513349368
21,S,12.13307791917258
21,S,10.304751222551687
21,S,11.281815052005339
22,S,12.14004325774058
22,S,11.65285587938503
22,S,12.020207423133549
23,S,11.152885164073176
23,S,9.661645414476036
23,S,11.86237454301478
24,S,10.589446216121818
24,S,11.19240469223165
24,S,10.443590114433455
25,S,10.678944008168795
25,S,10.459433989051186
25,S,11.002689011401793
26,S,9.79351777229667
26,S,10.189618624844467
26,S,11.182033358571925
27,S,12.134175323563436
27,S,11.931937882270573
27,S,11.181261222657602
28,S,9.910908555941008
28,S,9.82141758867187
28,S,11.498072453366738
29,S,9.125999109859357
29,S,10.897226091034597
29,S,12.864606155606195
30,S,9.21326236296892
30,S,10.928069731197292
30,S,10.066513213402372
31,S,10.169650385629389
31,S,11.863856317649834
31,S,9.920048478125256
32,S,12.06081504992795
32,S,10.79940482134032
32,S,10.300731799592475
33,S,10.380718139079693
33,S,10.389431080417161
33,S,10.383626520122846
34,S,10.190825746356573
34,S,11.368104512334607
34,S,11.225291738076834
35,S,11.619062158710058
35,S,9.796818102773567
35,S,11.667133310890174
36,S,11.575995369541996
36,S,9.04963932500408
36,S,9.352955069218284
37,S,11.78818944208324
37,S,10.85991277151146
37,S,10.99766513199593
38,S,10.800910305984315
38,S,11.007195856448392
38,S,12.067969042589132
39,S,10.899330278864316
39,S,11.963416904099606
39,S,9.087270252243746
40,S,8.634312620765245
40,S,11.158399867702279
40,S,11.097265890595416
41,S,10.105923791749515
41,S,10.352613639298658
41,S,10.900625665778973
42,S,10.466442460452045
42,S,9.344501283979897
42,S,9.36462622723342
43,S,11.005800190771343
43,S,8.89432605446095
43,S,9.451702604506522
44,S,9.68357401341336
44,S,10.899318742428333
44,S,12.160886498360632
45,S,10.173419241364735
45,S,8.910407279222293
45,S,9.386990580937018
46,S,10.404507113439559
46,S,9.503350641410002
46,S,10.71798201451401
47,S,10.685649463862157
47,S,10.259741376373958
47,S,10.390812648882411
48,S,12.643313606981849
48,S,11.754373006243636
48,S,11.466909901428206
49,S,11.168162919903194
49,S,10.143526392601194
49,S,10.053850799721443
50,S,11.289113628995848
50,S,11.399144884655884
50,S,9.652404857867833
51,S,8.53783378479365
51,S,10.857102830274581
51,S,9.951102062995673
52,S,12.859386480160365
52,S,11.081949999007389
52,S,10.368798315914182
53,S,10.517605355373835
53,S,10.594810649906929
53,S,9.590941775499235
54,S,9.077328381759877
54,S,9.995599587381365
54,S,9.177335163689877
55,S,11.550916103233108
55,S,9.710207849768949
55,S,11.533124103687328
56,S,10.933046155116388
56,S,10.522475675799209
56,S,9.46449514322591
57,S,10.241669013442738
57,S,11.581619242526122
57,S,10.805023628525483
58,S,10.02178671817166
58,S,10.539598094855231
58,S,11.134451678813576
59,S,9.559681267707498
59,S,10.881130680044675
59,S,10.739498042477907
60,S,9.317670909124638
60,S,8.755326144767027
60,S,10.166067821973657
61,S,10.015020608448124
61,S,10.343765943613286
61,S,10.666029981451093
62,S,9.625593681198856
62,S,9.372897221230883
62,S,10.364231394481438
63,S,10.133850640662832
63,S,9.71346577425025
63,S,9.806077802178494
64,S,10.811932899784738
64,S,12.807058445917225
64,S,11.383366409139914
65,S,9.852019330511737
65,S,11.024660353479145
65,S,11.32641539876271
66,S,10.908088697224022
66,S,10.003781399200678
66,S,9.004627715110516
67,S,11.800249998229765
67,S,11.810162601431058
67,S,10.381211806260957
68,S,9.344419631591505
68,S,10.62518046244636
68,S,7.831514388087111
69,S,11.048611140626303
69,S,9.436643867880392
69,S,12.203381493688111
70,S,11.844672699142201
70,S,8.826793647274794
70,S,8.683799183818254
71,S,9.522483044759197
71,S,10.655433518462013
71,S,11.648369915976115
72,S,10.179483828610342
72,S,9.75708516098658
72,S,8.642765359912433
73,S,10.125850904508388
73,S,9.983011322388485
73,S,10.02588808575717
74,S,10.59691317491781
74,S,12.18646733836038
74,S,9.317636005126403
75,S,9.930103626197022
75,S,9.963171401121926
75,S,10.177099670211229
76,S,10.404451092467275
76,S,10.223296455439655
76,S,11.577688081100694
77,S,11.934100418181785
77,S,12.524496119303745
77,S,10.452633467359048
78,S,10.611745984902903
78,S,9.15994201178463
78,S,10.302628740118212
79,S,9.340530396202277
79,S,9.012478877058962
79,S,9.91157654306739
80,S,9.460997903315203
80,S,10.283440500868322
80,S,12.452746331845926
81,S,9.738793857292103
81,S,11.171327516711195
81,S,8.945490988471896
82,S,10.132762023723426
82,S,10.203509211895785
82,S,10.97333327602577
83,S,12.708990830252645
83,S,10.424444762222272
83,S,12.903323075410219
84,S,9.370323118441872
84,S,9.910963431671993
84,S,9.650830825146976
85,S,11.459332490119431
85,S,9.24825098611326
85,S,10.159231930298727
86,S,11.626517373231007
86,S,7.985590115389085
86,S,9.734514866082977
87,S,11.134687896974794
87,S,9.89982199138568
87,S,10.645233001280396
88,S,10.463920317943375
88,S,11.661935156585805
88,S,11.819712704676428
89,S,9.98841832794248
89,S,11.344859039372109
89,S,10.275181473530385
90,S,9.343226344756223
90,S,10.13478231122529
90,S,8.5493969634869
91,S,11.055828610721862
91,S,10.020145095121581
91,S,10.670088728321776
92,S,10.416060748088041
92,S,9.75872958403574
92,S,8.50081592396612
93,S,10.411927455584419
93,S,9.131061297237125
93,S,9.558194906528778
94,S,10.995089473247331
94,S,13.665938601472876
94,S,10.026042313815458
95,S,9.478481207361249
95,S,11.360200933824803
95,S,11.760564028669254
96,S,12.422776886884478
96,S,10.201567211185518
96,S,11.55985732450832
97,S,9.756796772334045
97,S,9.759994082235
97,S,11.796629086506186
98,S,10.19553993767839
98,S,9.349000073380209
98,S,10.114743011995078
99,S,9.783000067529622
99,S,9.895427520662134
99,S,10.88834231287861
100,S,11.230278425425183
100,S,10.767538817955511
100,S,11.204832423694661
101,S,10.442725230967024
101,S,11.190204988590892
101,S,9.887530374842923
102,S,9.853626729181501
102,S,9.414182784978376
102,S,10.764015079596614
103,S,10.79527680761916
103,S,9.515355397082827
103,S,9.972501399436599
104,S,11.40248925708141
104,S,10.650919773713852
104,S,8.40860938975399
105,S,9.87588816634894
105,S,11.360452636107516
105,S,9.503613034142765
106,S,9.202168947444864
106,S,9.294657309631162
106,S,9.737848561376996
107,S,8.805489375423598
107,S,9.436855933826049
107,S,11.226053680789704
108,S,11.774491483905637
108,S,10.615610629196029
108,S,7.996677452132323
109,S,10.507666526030635
109,S,10.11043856519829
109,S,10.247866096907185
110,S,8.315287552309439
110,S,9.45618653558898
110,S,10.287071157523995
111,S,10.64934090971324
111,S,9.421175817387331
111,S,12.147038012126782
112,S,10.264820414775043
112,S,10.504605164830835
112,S,10.562475809854122
113,S,10.077427196335485
113,S,11.512443212638402
113,S,11.178091423368443
114,S,8.514284530172919
114,S,9.823315803013102
114,S,9.709738226768199
115,S,11.151117889652786
115,S,10.068457423876845
115,S,10.811844607857967
116,S,9.599461603863643
116,S,10.913111830782356
116,S,8.438371068569639
117,S,10.18889185652961
117,S,11.076881856164388
117,S,10.850319672080564
118,S,11.339286393148775
118,S,10.468240333333338
118,S,11.179605377652736
119,S,9.013612638218982
119,S,11.557827368573427
119,S,9.672746004355846
120,S,10.690393149585853
120,S,11.07269090925687
120,S,10.478720627099154
121,S,9.679724854187665
121,S,9.942097281378205
121,S,7.693730666638482
122,S,9.923766059802558
122,S,11.289347801873136
122,S,9.050634979736587
123,S,10.68131465848775
123,S,9.30864490841135
123,S,9.881262638983417
124,S,10.131611274656652
124,S,8.804752686666033
124,S,10.450482063321038
125,S,9.099969617302929
125,S,9.718113657840153
125,S,10.11950475987029
126,S,10.321537400937626
126,S,10.063602592387983
126,S,10.945289791518599
127,S,8.944060374668144
127,S,11.650794955525031
127,S,10.49733145182873
128,S,10.101974488088118
128,S,10.030078680306572
128,S,9.341367134638167
129,S,9.578911865427704
129,S,10.371115811790167
129,S,10.881815997484223
130,S,9.136313255183229
130,S,9.96445024767813
130,S,9.073442228455724
131,S,9.08350684399029
131,S,7.560390155538909
131,S,11.019760159709564
132,S,9.35287698031717
132,S,9.486796147635218
132,S,10.798605620081494
133,S,9.038555407832284
133,S,10.000094400279743
133,S,9.605037835382408
134,S,9.078543896936146
134,S,10.967042032595335
134,S,9.626111485018155
135,S,10.451741593160842
135,S,9.08993187382655
135,S,10.92112358759043
136,S,10.779530281826997
136,S,10.133795130516502
136,S,8.252715330652668
137,S,9.67473702634912
137,S,10.122794575804791
137,S,9.113547342795394
138,S,9.706165634574043
138,S,9.15800855567713
138,S,10.23552243624373
139,S,9.495805143646036
139,S,10.825555286065073
139,S,10.34298822702628
140,S,9.620304555098572
140,S,9.781110429480293
140,S,10.903626301596217
141,S,8.30362930264384
141,S,11.668856265553226
141,S,10.218757483786506
142,S,9.521420914967878
142,S,10.057687425144703
142,S,10.254342632975979
143,S,9.02789799862867
143,S,10.50527159005778
143,S,10.422626110745776
144,S,10.054350231441026
144,S,10.005169663956774
144,S,9.30788148496813
145,S,9.773732845990333
145,S,9.891685928163447
145,S,9.031848733169085
146,S,10.489366688758686
146,S,11.106986979091502
146,S,10.60838504243096
147,S,10.265561355533025
147,S,10.452271830858958
147,S,9.251441600189482
148,S,10.367968745878235
148,S,10.23082486668839
148,S,9.996674938253527
149,S,13.035720467764769
149,S,9.085728566864601
149,S,11.315244680108163
150,S,9.315180633788575
150,S,8.665329567371355
150,S,10.322175975323908
151,S,9.92110358407802
151,S,10.875792860400793
151,S,8.590344056037265
152,S,9.440208935893327
152,S,10.936847048970792
152,S,9.403712707089182
153,S,8.731895368734753
153,S,9.473424420458434
153,S,10.657424796584033
154,S,7.470059186906925
154,S,9.649223398743123
154,S,9.573097956082952
155,S,10.500204839969655
155,S,8.242979072093819
155,S,8.984113918444718
156,S,10.277776194588268
156,S,10.474341895292579
156,S,11.632186957033362
157,S,10.933837571162412
157,S,10.322564770660037
157,S,9.36115427266751
158,S,11.123836031455632
158,S,10.119840574212317
158,S,9.257708671410965
159,S,10.596657615981268
159,S,8.551773451780745
159,S,8.085252195526522
160,S,9.625434672873523
160,S,10.968873575543586
160,S,10.88778211832755
161,S,11.235754146613933
161,S,10.56280681993669
161,S,10.904101039712657
162,S,11.808477125688453
162,S,12.102711162083466
162,S,10.50581492549866
163,S,9.946582793334695
163,S,10.246411943269102
163,S,12.59416968406511
164,S,8.09570026760908
164,S,11.306939966233806
164,S,9.620179519916997
165,S,11.025640200051141
165,S,11.136324924392188
165,S,10.730952406644194
166,S,11.331834469432701
166,S,9.176615288617167
166,S,10.632036412471956
167,S,10.887663866235219
167,S,10.331528242508922
167,S,9.62514096983942
168,S,10.173488296262356
168,S,9.833664848638243
168,S,8.917962273893805
169,S,8.683789072939307
169,S,10.212462443980971
169,S,8.411972316510544
170,S,10.187108579015781
170,S,9.763392264249669
170,S,11.125413954058796
171,S,9.68530442999805
171,S,10.577772370899527
171,S,9.941750748474302
172,S,8.763969290133126
172,S,10.808601678066644
172,S,10.563985267437912
173,S,9.798944365630033
173,S,8.38555373554424
173,S,10.338566884626408
174,S,9.976459320475257
174,S,11.203353394675398
174,S,10.673865664450574
175,S,10.266226373399437
175,S,9.215022202103075
175,S,11.131258268256156
176,S,10.93015804898937
176,S,10.407186592598855
176,S,11.05358439210803
177,S,7.677986623096719
177,S,11.280373830684184
177,S,11.016910129557093
178,S,10.047488394223043
178,S,9.278254174447692
178,S,10.521923345891024
179,S,12.579938967905342
179,S,10.542243233062736
179,S,9.79032627993294
180,S,9.280024318874165
180,S,9.582940834541581
180,S,12.098492182530224
181,S,11.089328454102855
181,S,10.424089816455528
181,S,10.994691465039315
182,S,10.392450003433646
182,S,9.064275209631855
182,S,8.980828986554348
183,S,11.107994315467113
183,S,10.212048466593908
183,S,8.974324011206408
184,S,11.589460002202495
184,S,8.519766318863518
184,S,10.103971586918272
185,S,9.660264358650224
185,S,9.968457606069542
185,S,9.81750648626727
186,S,10.20470604027673
186,S,9.935076282399605
186,S,10.101623939905352
187,S,8.539984707653952
187,S,9.705030326900921
187,S,8.376760003753686
188,S,9.460507850909641
188,S,9.316302688035153
188,S,9.2162816890886
189,S,10.818493638243044
189,S,9.042686000450594
189,S,9.827277186580755
190,S,10.505951824834538
190,S,10.959878067650411
190,S,10.545252412075167
191,S,9.338367708853262
191,S,8.820810482747504
191,S,11.022256839441642
192,S,11.20852736832164
192,S,10.220642061498227
192,S,10.34176535916739
193,S,8.968372294770898
193,S,9.427015062687204
193,S,9.883804878168215
194,S,9.271751020794351
194,S,10.743131223996777
194,S,9.145426007268448
195,S,9.861377956898803
195,S,10.494996548528267
195,S,9.683690142574607
196,S,9.52622546616917
196,S,9.382770862324012
196,S,9.634275959668855
197,S,8.389014858948412
197,S,10.21107448579433
197,S,9.990558767075337
198,S,9.229194726836223
198,S,8.42976738844082
198,S,9.767775902057563
199,S,9.647856274916053
199,S,10.34994512669781
199,S,8.68374098198214
200,S,8.422556358280215
200,S,9.568562552029265
200,S,11.085459301157842
201,S,10.229320139880858
201,S,9.764130135255641
201,S,9.09061314597916
202,S,10.376855695294251
202,S,11.985934278302667
202,S,12.616343730377723
203,S,9.270495261691613
203,S,10.170020155745542
203,S,8.418380771256725
204,S,9.780105048662076
204,S,10.90997675447675
204,S,8.793838406159926
205,S,9.259740118470507
205,S,8.829727829267558
205,S,10.889498791555518
206,S,10.516307350692
206,S,7.585301713569919
206,S,9.768064193613062
207,S,10.54723677493953
207,S,9.81748711707622
207,S,10.06037328360508
208,S,9.868647712435193
208,S,11.026246101599053
208,S,9.399294948919893
209,S,10.858247535948323
209,S,10.14662583667749
209,S,10.976138877281857
210,S,11.258731816172313
210,S,11.718553321380663
210,S,11.037277063715502
211,S,10.32769741675819
211,S,11.378590068736044
211,S,9.673207955026278
212,S,9.723914039024256
212,S,12.822932953864912
212,S,9.890845285312677
213,S,9.458724222335757
213,S,7.805838413711557
213,S,9.94882212910114
214,S,9.464540454076271
214,S,9.253178914406218
214,S,10.64734760841219
215,S,8.881837048380545
215,S,11.070988699847021
215,S,10.090881922970201
216,S,10.122842816839976
216,S,11.676075365455109
216,S,9.845374660694167
217,S,8.619545840492764
217,S,9.096446456782
217,S,10.41867218021178
218,S,10.216308561910557
218,S,11.00681609610515
218,S,10.34507235853131
219,S,9.9271082838751
219,S,12.685269449431935
219,S,10.40535814796062
220,S,9.69540242961558
220,S,9.325904344611233
220,S,10.7524550798377
221,S,10.310753802257018
221,S,9.765075477879387
221,S,10.49020073835641
222,S,9.239473410340121
222,S,8.834852641110926
222,S,9.266558642448368
223,S,10.537829481870805
223,S,8.51991494213017
223,S,10.70153792614752
224,S,8.36079194714869
224,S,8.405302273448779
224,S,9.211554574466344
225,S,10.197573657233555
225,S,10.34931916165537
225,S,9.120332615938256
226,S,9.298154976746057
226,S,9.573995468758712
226,S,11.060148896892636
227,S,8.608393210002614
227,S,9.332075601022817
227,S,10.31566623369675
228,S,10.697157489319487
228,S,10.81601098838635
228,S,9.474663762710426
229,S,9.891981021051716
229,S,9.807351226303863
229,S,8.793408906981288
230,S,10.93307866713192
230,S,8.014417635254109
230,S,10.48643611702532
231,S,9.736158162373233
231,S,12.225199222888545
231,S,8.620807809904509
232,S,8.183102704457792
232,S,9.838065145815317
232,S,9.633738902517846
233,S,9.292780259121526
233,S,10.46296321061071
233,S,10.48564331791737
234,S,10.099893769495619
234,S,10.056815766473694
234,S,9.031051734255888
235,S,9.560548176410318
235,S,7.858738935378808
235,S,11.31255549583999
236,S,10.23486359303683
236,S,10.332832603837135
236,S,9.947114999440444
237,S,8.998536001150823
237,S,9.692369566192752
237,S,9.924951290778687
238,S,10.3589842740336
238,S,10.00745039242219
238,S,8.252431512310304
239,S,10.14359136768057
239,S,10.22316091787963
239,S,9.124030398665377
240,S,9.671314377788077
240,S,10.638921724884758
240,S,10.334966390022007
241,S,10.19755857921674
241,S,9.999810893409807
241,S,8.96816722664926
242,S,8.918939811686363
242,S,10.699003693769546
242,S,8.103812709619183
243,S,8.747822394219474
243,S,9.94656300188231
243,S,7.0256772051071215
244,S,8.483594044092023
244,S,10.422636015577181
244,S,10.22634119530386
245,S,9.72240176457791
245,S,11.334793043532985
245,S,11.37948067241965
246,S,10.37078531458798
246,S,10.241867584956086
246,S,9.317345710537271
247,S,11.63904417292635
247,S,9.663128541656704
247,S,10.767241290148378
248,S,11.244088009227356
248,S,8.810187624162205
248,S,8.365260444558517
249,S,12.67344062859733
249,S,11.48991817646981
249,S,11.850819603944238
250,S,10.406553051355674
250,S,12.159807335444231
250,S,10.026080852326425
251,S,10.411287032275737
251,S,10.320893072174762
251,S,9.601937660084499
252,S,8.883201938193828
252,S,10.535312439976662
252,S,10.533307275935831
253,S,10.0517933041789
253,S,10.949436320146178
253,S,9.185238034637171
254,S,10.439364088155028
254,S,10.650176320229816
254,S,11.596887987264829
255,S,12.15733604789688
255,S,10.773782811079466
255,S,9.148936628826181
256,S,9.688026978560606
256,S,8.28399846881776
256,S,10.012753190057376
1,M,39.380943087896114
1,M,40.662376588829474
1,M,38.90616887638929
2,M,29.545942654685632
2,M,31.016321878222506
2,M,30.592905613583305
3,M,26.124503483199682
3,M,24.84833461685906
3,M,28.09279179282443
4,M,25.74743321181988
4,M,26.420034581362312
4,M,25.468331508613165
5,M,23.883814631586247
5,M,24.48753573021619
5,M,23.920985637554686
6,M,21.875082967426156
6,M,22.679028873425292
6,M,22.34192143522398
7,M,23.750070318540974
7,M,22.738576419848503
7,M,23.371603371180544
8,M,23.428766112933822
8,M,22.025360066063065
8,M,23.17056142675442
9,M,22.6989849250121
9,M,23.385124533424072
9,M,20.602450670958504
10,M,21.84855532909413
10,M,22.185846590057142
10,M,23.423792992412316
11,M,22.472797661769164
11,M,20.725231844664084
11,M,20.604441998225738
12,M,21.894549459077464
12,M,21.10929745586447
12,M,20.604535278353197
13,M,21.42545176127668
13,M,22.472532659567417
13,M,22.373872645723996
14,M,21.68776549047479
14,M,21.115523005912458
14,M,22.465172596877576
15,M,22.000333299468032
15,M,22.116129084288666
15,M,20.037922911312624
16,M,21.325939048055155
16,M,21.054280613660143
16,M,21.995356628647126
17,M,20.430931915187166
17,M,20.81756313775445
17,M,19.913301066014004
18,M,21.782203046972747
18,M,19.779629895429174
18,M,18.814105844304
19,M,21.69941075124523
19,M,19.081753974139577
19,M,21.595203082872533
20,M,20.149427376964187
20,M,21.5800143140589
20,M,21.336766956805754
21,M,20.898147152453706
21,M,22.167476252880647
21,M,19.942262300839772
22,M,22.729577996660506
22,M,21.566100526392656
22,M,22.04500429926461
23,M,22.121762514385253
23,M,20.000216070516892
23,M,21.038245858337703
24,M,20.502549919573127
24,M,19.695526864215626
24,M,21.933839881802044
25,M,20.960468952062673
25,M,19.569133915024295
25,M,20.03712641875943
26,M,21.975379590160912
26,M,21.276912825679343
26,M,19.21752560499524
27,M,20.80545375648316
27,M,20.598123584585675
27,M,19.650028514827476
28,M,20.40569588586862
28,M,20.22860988686887
28,M,19.99143821640044
29,M,21.537269697490125
29,M,21.232369595338685
29,M,21.112768532087053
30,M,20.79162122493329
30,M,21.102905171769674
30,M,20.77146046633938
31,M,22.560400041620497
31,M,19.528659957491758
31,M,20.234188192514488
32,M,19.23828328769961
32,M,20.998668119043497
32,M,19.847599022159656
33,M,19.86256523470198
33,M,20.582715395029634
33,M,21.652040262128644
34,M,21.250845589163013
34,M,18.73445745524748
34,M,20.76716993325762
35,M,18.674571460669316
35,M,21.275321503900848
35,M,21.12172371812015
36,M,20.675827843909175
36,M,19.309944735685065
36,M,20.93840117082938
37,M,19.79778617489779
37,M,20.1567018466555
37,M,19.652612625808132
38,M,18.99760011469728
38,M,20.350314104858086
38,M,20.667917439158114
39,M,20.8727193654989
39,M,22.031870920515267
39,M,21.57802945128222
40,M,19.749235623629794
40,M,20.860336244125637
40,M,20.525777871440823
41,M,20.957600650858346
41,M,22.181048447617417
41,M,19.80668453977415
42,M,20.572439236928915
42,M,20.100689515387273
42,M,19.326470551176982
43,M,19.379178707475944
43,M,19.57125227412021
43,M,18.411259048725768
44,M,21.444264788660703
44,M,19.55605302364918
44,M,21.40748356502449
45,M,20.361857796330735
45,M,22.186083013780834
45,M,21.123121662274233
46,M,20.670988969694946
46,M,19.786441527463783
46,M,20.87188821656425
47,M,20.38795400538379
47,M,19.13999351768866
47,M,19.81269027103417
48,M,20.428884070631575
48,M,20.220284091252434
48,M,19.782622833052475
49,M,20.274139084670832
49,M,20.37603509047007
49,M,21.329479646031032
50,M,21.25090212214033
50,M,19.617212257570387
50,M,20.883403671922647
51,M,20.848313750724273
51,M,22.1067104529331
51,M,19.455367482606142
52,M,19.908809280680703
52,M,20.025619089868638
52,M,20.980779057523748
53,M,20.81113193750027
53,M,19.925107343044004
53,M,19.041413564807396
54,M,20.580151561271236
54,M,19.572100884220607
54,M,21.02137259094124
55,M,20.088110337778723
55,M,18.629732621341738
55,M,21.673199969234133
56,M,20.475440368163074
56,M,20.085775827285925
56,M,19.447320470152516
57,M,20.13101942389575
57,M,20.811352078596002
57,M,20.821638666215854
58,M,19.69643569453477
58,M,19.717162345310395
58,M,19.797381616331275
59,M,19.921426873438627
59,M,20.359544233461794
59,M,20.090682294734783
60,M,19.562242415831534
60,M,19.673825562486932
60,M,19.30508819099702
61,M,20.52167279214368
61,M,20.966531981171233
61,M,21.100532214481824
62,M,20.54254669847919
62,M,22.11171048191946
62,M,19.365130483129484
63,M,19.570648255149337
63,M,20.132570353163786
63,M,20.578129529903553
64,M,21.78035620866492
64,M,21.162288889668453
64,M,18.482305641096364
65,M,19.383069843885043
65,M,20.145533533418526
65,M,20.53949401080437
66,M,20.151782280823323
66,M,21.148804863312705
66,M,18.400256103022826
67,M,19.867701917083956
67,M,20.12729382981759
67,M,19.97826083878897
68,M,20.48638901981241
68,M,22.307470864833416
68,M,21.06082036377555
69,M,19.556665690611506
69,M,20.750492376206836
69,M,22.319799140983356
70,M,20.834676468285206
70,M,20.116475057504545
70,M,21.56302850726942
71,M,19.71473641907453
71,M,19.219261921178084
71,M,21.695061958876472
72,M,20.473142819818946
72,M,18.239306112816976
72,M,19.74370236385052
73,M,19.653591083993515
73,M,20.338825941989974
73,M,20.018588065941437
74,M,19.18824215925349
74,M,19.571516620288037
74,M,19.825487362479407
75,M,20.471189432250625
75,M,19.173360456139378
75,M,21.217853540962395
76,M,20.25033673384847
76,M,20.464076727392072
76,M,21.6926305330933
77,M,20.097260110819363
77,M,20.002403410795377
77,M,20.734125442383338
78,M,18.777416145605294
78,M,20.5666355618196
78,M,20.7963317695435
79,M,19.245211724058333
79,M,20.816317920407357
79,M,21.41409478467186
80,M,21.597454975151216
80,M,21.11187878595788
80,M,20.09187565600495
81,M,21.26713874376339
81,M,19.575165086628
81,M,21.03970182630411
82,M,19.847480013175744
82,M,21.10547279499531
82,M,20.05198245003361
83,M,18.869103704887962
83,M,18.660989540874862
83,M,18.330716253946765
84,M,20.833689164916468
84,M,21.757621545504637
84,M,20.78939222762619
85,M,20.28166463188456
85,M,21.61440670274923
85,M,21.4009389552678
86,M,19.931564811508963
86,M,20.060263904880028
86,M,21.361541210891133
87,M,20.686438380919192
87,M,20.889499559519535
87,M,21.104427592926257
88,M,20.084623456015713
88,M,20.30426876615349
88,M,20.65176981153301
89,M,18.472843567897
89,M,20.50785347177307
89,M,21.050778774104735
90,M,20.816117418737512
90,M,20.62146674010161
90,M,18.004811562227673
91,M,21.876344978817123
91,M,20.11790312484869
91,M,19.189754373388997
92,M,21.019882415872825
92,M,19.689760166516017
92,M,19.670449533306556
93,M,19.289843543415117
93,M,19.479474500866594
93,M,19.543730058416006
94,M,18.57397505699652
94,M,19.737378053380702
94,M,19.98063701287415
95,M,20.64969475998428
95,M,20.635873003243947
95,M,18.98314086997071
96,M,20.347128969535177
96,M,22.176436529319858
96,M,20.35090855218888
97,M,19.666484877144953
97,M,21.03375694341408
97,M,20.806212564343866
98,M,18.7673420037861
98,M,20.984559854705715
98,M,20.06939249270579
99,M,20.534993400231247
99,M,20.47403953215774
99,M,19.327015525750905
100,M,22.24256242462077
100,M,19.175229489605563
100,M,21.356686281849992
101,M,21.175912254342606
101,M,20.44210352178008
101,M,20.664691094295648
102,M,21.455643648499542
102,M,20.561816128081244
102,M,19.474084663010522
103,M,18.134015332498812
103,M,21.07416995158646
103,M,19.704428070767676
104,M,18.777987483941082
104,M,21.31441516701567
104,M,21.51569730795087
105,M,21.198230745881823
105,M,21.047565534611422
105,M,20.130972199782857
106,M,19.89062917240679
106,M,18.62444296276307
106,M,20.288142717158944
107,M,20.24391562117916
107,M,20.635367691410515
107,M,19.184996793435495
108,M,19.68722000726258
108,M,20.979722838934386
108,M,20.62649936671948
109,M,19.75339427685579
109,M,18.798631674873786
109,M,20.107856037621502
110,M,19.27331383187772
110,M,21.112873249007382
110,M,19.94567320658489
111,M,20.078800170802776
111,M,22.77094503182127
111,M,20.366068978969764
112,M,20.332848444416307
112,M,19.664928877966695
112,M,20.788103867570936
113,M,21.807589951825218
113,M,20.104682350577022
113,M,18.646011495864688
114,M,19.20250923106949
114,M,18.488397708585552
114,M,21.069467392083965
115,M,19.851149842600492
115,M,19.658802898444776
115,M,21.051299548054743
116,M,19.752097017039976
116,M,18.308723220678328
116,M,18.371979327057822
117,M,18.522787644014787
117,M,20.429474054232493
117,M,20.96207262083337
118,M,19.670391997536
118,M,19.479611345297645
118,M,20.26482627918412
119,M,20.5178028422286
119,M,21.06822133304968
119,M,21.669323281510493
120,M,18.58153167307118
120,M,21.913929825161805
120,M,20.8158105348254
121,M,20.285880538734542
121,M,19.79655122423375
121,M,19.607804099134224
122,M,20.350734007389466
122,M,18.63783491727408
122,M,20.638928536183087
123,M,23.371821171443393
123,M,20.00451829095568
123,M,19.121482212877975
124,M,19.687862514636386
124,M,21.019658903563847
124,M,20.532306134304953
125,M,20.459226755339763
125,M,20.81126958183441
125,M,19.357086705773444
126,M,20.604976357012838
126,M,19.45823676762983
126,M,20.059522514132244
127,M,19.916625125494022
127,M,18.60991655708299
127,M,20.334370674850916
128,M,20.26126645234234
128,M,22.463762250092092
128,M,20.386272848473237
129,M,19.67732110866528
129,M,21.182972574305964
129,M,18.673714072128828
130,M,20.510343689151256
130,M,20.045053808894682
130,M,19.807225068295754
131,M,21.758109280170768
131,M,18.780365942766785
131,M,20.689855223253662
132,M,21.436971067246986
132,M,19.643903933289486
132,M,20.299216441676094
133,M,21.890964510713275
133,M,18.999241395925516
133,M,21.684341813528107
134,M,19.027466293957325
134,M,18.466931280504493
134,M,18.17645423274209
135,M,22.623498293442346
135,M,20.34858910086976
135,M,19.372460199204433
136,M,20.119968582992854
136,M,22.485368135667958
136,M,20.434558137175443
137,M,20.36911622271685
137,M,20.942100754610486
137,M,20.001298755381185
138,M,21.390414532427304
138,M,22.00146224389058
138,M,21.089767738682724
139,M,20.235648533494146
139,M,20.470834304768022
139,M,20.444823998410296
140,M,20.09974272575371
140,M,20.6670878421884
140,M,19.126493203880216
141,M,19.882000919395093
141,M,20.093445109167337
141,M,18.565482972916154
142,M,19.59026838428326
142,M,19.530356998265336
142,M,19.380044169816635
143,M,23.22093792606057
143,M,19.44042667307628
143,M,21.978579456764958
144,M,20.956729974089427
144,M,21.81304511259819
144,M,19.234938710667123
145,M,21.53192587566748
145,M,18.99755017050323
145,M,21.014882450983208
146,M,18.697074035752408
146,M,19.68377463446209
146,M,19.655183819724602
147,M,20.383389213742557
147,M,17.547593604402614
147,M,19.576819360705308
148,M,19.088419831424797
148,M,19.565192703830196
148,M,21.10889160668623
149,M,20.272868949592517
149,M,19.38134075971316
149,M,19.733988098387293
150,M,20.47490494594553
150,M,18.493781167912704
150,M,19.742144527550305
151,M,20.144386738746686
151,M,20.51754230810388
151,M,20.28081341144796
152,M,19.758726175355847
152,M,19.27704683332055
152,M,20.75819879717865
153,M,20.139701316754916
153,M,21.198982884671405
153,M,19.152743903018784
154,M,20.605415218040267
154,M,19.272921170084498
154,M,20.21772520358992
155,M,20.026604022598
155,M,21.34563937444341
155,M,22.667098219166938
156,M,19.588215634470068
156,M,19.66849088310433
156,M,19.268290420801158
157,M,19.52913731890305
157,M,19.80516217446737
157,M,19.51235007008628
158,M,18.955568850475085
158,M,18.768759096725358
158,M,20.617927912964475
159,M,19.317759943918755
159,M,20.898077107035867
159,M,19.579353129555678
160,M,21.03845062313024
160,M,17.65524519857383
160,M,19.183070081525223
161,M,20.29978049186814
161,M,21.73883513342928
161,M,20.526995067366997
162,M,20.53136538998265
162,M,20.50304144359798
162,M,19.8151228199919
163,M,20.011476181508147
163,M,20.337348222895784
163,M,20.63948298174365
164,M,19.084519584922237
164,M,20.64159067113498
164,M,18.694381178482367
165,M,20.583127877815194
165,M,20.207260626168168
165,M,18.14578467715338
166,M,20.880499576089505
166,M,19.53329659906541
166,M,21.178271264434557
167,M,18.47713177147108
167,M,21.62946901563205
167,M,21.35729586759909
168,M,19.972448063695104
168,M,19.960813319080167
168,M,19.94136921828723
169,M,19.082445909294897
169,M,20.16555617858513
169,M,19.78777461467334
170,M,21.251991405098927
170,M,19.764197725059763
170,M,20.120266016245793
171,M,20.365847807990313
171,M,20.653498036482677
171,M,20.390673891925353
172,M,18.73842319890057
172,M,20.399311218251366
172,M,19.021783606677076
173,M,19.148800181184825
173,M,21.527796220090767
173,M,19.271123229911993
174,M,20.972219837889185
174,M,22.292807030311916
174,M,20.53027131083495
175,M,19.829906655781993
175,M,21.16265834092157
175,M,20.062735154414074
176,M,20.41893958270979
176,M,20.38551573605784
176,M,20.487059167035103
177,M,19.42138975069773
177,M,22.068281360773337
177,M,20.641084633566855
178,M,19.34196114321362
178,M,19.27655309644935
178,M,19.19528343838483
179,M,17.58133043274794
179,M,22.081804113992487
179,M,22.348770461140745
180,M,20.240618622800504
180,M,20.404153635877012
180,M,21.714650590236865
181,M,21.207826034771088
181,M,19.258551506734907
181,M,19.558033633992583
182,M,19.457786317654826
182,M,21.12054782429874
182,M,19.136903422109043
183,M,20.671199450027522
183,M,19.907191392548324
183,M,20.10673958719213
184,M,20.699078567562967
184,M,19.424227930744493
184,M,19.28154196495076
185,M,20.727547707192816
185,M,20.69791190381327
185,M,19.38440821841606
186,M,19.782710723421207
186,M,18.831125178904916
186,M,19.14232024086748
187,M,21.74993779808612
187,M,20.751468556464168
187,M,20.794464458572577
188,M,20.273757652061033
188,M,19.552819148300582
188,M,19.770408553591945
189,M,20.10210217077935
189,M,19.561016418683078
189,M,20.127552384276374
190,M,19.277645813405535
190,M,18.152459757202546
190,M,19.42651662297913
191,M,21.030409995285858
191,M,18.142532281416702
191,M,20.830705106359396
192,M,20.233258662700578
192,M,21.079393146767355
192,M,20.674190913677386
193,M,19.748096971344037
193,M,20.58779382547213
193,M,19.458803640552627
194,M,21.443197214349308
194,M,18.673191162444525
194,M,20.004219696559755
195,M,18.741266140405287
195,M,18.083213337967457
195,M,20.14466404169555
196,M,20.20971629869078
196,M,20.96527186074517
196,M,19.056882951570895
197,M,20.360924907428437
197,M,19.27016173807703
197,M,19.47440720198418
198,M,20.069149834604982
198,M,20.347868297499048
198,M,22.150092721234618
199,M,21.85722980863382
199,M,19.384388313140533
199,M,20.859439674186458
200,M,17.824420031012984
200,M,19.255895947149295
200,M,21.06599906945187
201,M,20.991076122215617
201,M,19.09885668168685
201,M,20.506589600325373
202,M,18.536657152898925
202,M,18.93980979950029
202,M,20.253091631314366
203,M,20.47502180791167
203,M,21.712328571358604
203,M,21.415128966802722
204,M,20.383836129916126
204,M,18.954227275428092
204,M,21.057699280912505
205,M,20.130639276509143
205,M,19.541083271278723
205,M,20.974490304384933
206,M,19.41485448516367
206,M,20.623416391759406
206,M,20.755105664091857
207,M,20.344431957015342
207,M,19.649157086958198
207,M,19.495821623487256
208,M,20.17524804303612
208,M,17.160541429272865
208,M,22.359035328220727
209,M,19.454591247868102
209,M,18.86364450237664
209,M,19.52904050556642
210,M,18.87985889793912
210,M,21.667796923300177
210,M,17.8625285171007
211,M,19.985051980261254
211,M,21.34322701440388
211,M,18.73812542222992
212,M,18.523769214707713
212,M,19.93033500752675
212,M,20.525000851715028
213,M,19.77645108339714
213,M,20.09762622253013
213,M,21.11628577610808
214,M,19.111017812131152
214,M,19.355432944125088
214,M,20.503676866145017
215,M,21.907894479794507
215,M,20.569127777721608
215,M,20.017780107847795
216,M,20.518798266556683
216,M,19.644242734087666
216,M,19.707417518248224
217,M,21.36991401199991
217,M,19.223298006381036
217,M,19.310821143023645
218,M,20.37468978026915
218,M,20.170200560568624
218,M,21.038924853279152
219,M,19.342506626103564
219,M,20.865998883650168
219,M,19.589348761054275
220,M,20.69241247368869
220,M,20.57038361392417
220,M,20.372473002465703
221,M,19.541976957833043
221,M,20.180166403605114
221,M,20.67914165409169
222,M,21.181319337111667
222,M,18.76756062071054
222,M,19.904721052479573
223,M,18.606656698889296
223,M,19.806510269741754
223,M,20.156875994405603
224,M,19.879962122274698
224,M,20.453929850578234
224,M,19.258915856227546
225,M,19.33757528798168
225,M,19.50455819622363
225,M,20.145630287130654
226,M,20.111927955825458
226,M,18.811305372391825
226,M,20.568628543240855
227,M,20.08135839235309
227,M,19.715533531883388
227,M,19.40012312301385
228,M,20.25959364066826
228,M,19.621060862176655
228,M,20.231724730349573
229,M,18.72452796970285
229,M,21.01991153082661
229,M,20.40171011708085
230,M,20.373087751509484
230,M,18.97766127764756
230,M,20.04325291645502
231,M,19.570423825904015
231,M,20.106461011433062
231,M,19.584541105794706
232,M,20.89151297506096
232,M,20.72829309576687
232,M,20.17738864136289
233,M,18.82948935194474
233,M,18.854659011221695
233,M,21.24147882050905
234,M,19.987362688891935
234,M,19.594266704785337
234,M,18.12816204646068
235,M,19.538446264583833
235,M,18.88701320268845
235,M,20.880637060746878
236,M,18.440888508523038
236,M,20.289098016147182
236,M,20.18966125546608
237,M,18.205134709209773
237,M,19.18925794713661
237,M,20.278477396288462
238,M,18.477594851528057
238,M,20.331488666571364
238,M,18.70492855559011
239,M,22.810498533217185
239,M,21.943657642066068
239,M,20.114576551516453
240,M,19.531516371600794
240,M,19.287765913076147
240,M,20.19827524793934
241,M,16.912688874995936
241,M,19.832035993474506
241,M,20.72282236727639
242,M,19.00781461717751
242,M,19.437291789087745
242,M,19.817496847370478
243,M,19.055599531285292
243,M,19.54291841815805
243,M,19.433582051080165
244,M,19.1319501072288
244,M,20.076592233734168
244,M,18.107062523246622
245,M,18.167248961715323
245,M,20.257022750460564
245,M,19.819001731292555
246,M,21.242728821247095
246,M,21.154755672064763
246,M,20.351851373182704
247,M,21.021562375414316
247,M,19.834636018150732
247,M,21.751406208385703
248,M,18.93519870116508
248,M,20.733607218489233
248,M,21.091034742889377
249,M,18.61873864060964
249,M,18.738109531986012
249,M,18.495779467774682
250,M,19.883066630648866
250,M,21.4004767384144
250,M,21.203221873810154
251,M,19.858631819628044
251,M,19.27049662047241
251,M,20.63625098883526
252,M,20.725224927549412
252,M,21.190512879768153
252,M,20.713219360943942
253,M,20.492115169537193
253,M,19.311681284560017
253,M,20.151869398369858
254,M,19.649690349612303
254,M,18.640772834750514
254,M,18.953050843918202
255,M,20.16198038083432
255,M,19.333887838214817
255,M,18.945704711357436
256,M,21.068217543501397
256,M,21.01950223950163
256,M,18.693003051656163
1,L,49.71648103383685
1,L,47.84348545857161
1,L,49.90888308346537
2,L,41.22566595257543
2,L,40.722336588682886
2,L,41.21172006133233
3,L,37.17812419337927
3,L,37.74414093882506
3,L,37.05983827569246
4,L,35.67205848177166
4,L,34.11753666414351
4,L,35.098779625735844
5,L,35.10933655531579
5,L,34.4050059785528
5,L,32.11954237581597
6,L,31.945418276725384
6,L,33.56279474942949
6,L,33.06189453971984
7,L,32.31734159613507
7,L,33.87342123606076
7,L,34.559070329687415
8,L,32.006525375078155
8,L,31.982079231088694
8,L,31.65565725558911
9,L,32.77803983744252
9,L,33.95609917948217
9,L,32.78095275648417
10,L,33.30644119749511
10,L,32.27193176162701
10,L,31.526556256199132
11,L,32.4313759248821
11,L,31.245216650743526
11,L,31.2770858774669
12,L,32.374388797537364
12,L,31.62712421560799
12,L,33.40104805219854
13,L,31.04775513120117
13,L,29.83957499843637
13,L,32.06280572652353
14,L,32.9608375518476
14,L,33.16865008533097
14,L,31.126871827665173
15,L,31.296293960216275
15,L,29.83098983020934
15,L,29.882266302451765
16,L,32.232773674867445
16,L,29.22291028467381
16,L,30.77922087725393
17,L,30.7113630458761
17,L,32.628264336122214
17,L,32.23536848589653
18,L,32.820589531847176
18,L,31.457936372972384
18,L,30.655752076405278
19,L,31.823550311805754
19,L,31.11710385476727
19,L,30.61211426088604
20,L,30.332829720760785
20,L,31.476735429175786
20,L,30.269054887088434
21,L,31.637346444351166
21,L,30.629594678634195
21,L,29.567261160591052
22,L,31.187486227560814
22,L,31.00900043784482
22,L,32.014480797302554
23,L,28.17246963458853
23,L,29.679139953441638
23,L,29.291607677401007
24,L,30.59089471224054
24,L,30.66553936179805
24,L,31.233001071249607
25,L,31.060906252525214
25,L,31.261921156717
25,L,28.52344207882195
26,L,30.82793852092958
26,L,32.5028981820469
26,L,31.811689790696256
27,L,30.477855700545
27,L,32.45238079028381
27,L,30.020076026763537
28,L,32.0070122937709
28,L,32.97598655661065
28,L,31.39138778712291
29,L,30.076878391955773
29,L,30.376849072370963
29,L,29.99518356700276
30,L,31.566936252577484
30,L,30.483538191329664
30,L,31.044074378617523
31,L,30.737690615476023
31,L,29.37226383853665
31,L,30.454851668507395
32,L,31.18601941830204
32,L,30.426493687576567
32,L,30.01585587531913
33,L,30.07492180336052
33,L,31.607148877472937
33,L,28.22065373267501
34,L,29.94565074511832
34,L,31.411513946718575
34,L,33.230340899669635
35,L,29.445778355103872
35,L,30.945964972169204
35,L,31.21895476102017
36,L,30.1732090543806
36,L,30.19885858547723
36,L,30.51123939175792
37,L,31.2597312358959
37,L,31.378799598347143
37,L,30.73068299405199
38,L,30.10270490058614
38,L,30.5947941712436
38,L,31.672401246072422
39,L,29.460830996164066
39,L,29.91431954243661
39,L,29.1167153042605
40,L,30.800375752873798
40,L,28.90958261939276
40,L,30.834945770253988
41,L,30.030408195655735
41,L,31.46238894515561
41,L,29.550002660884072
42,L,30.22971253782076
42,L,30.38859435768351
42,L,30.51907624944435
43,L,30.327299450902878
43,L,29.14367810009328
43,L,30.284007882722804
44,L,30.033160142536637
44,L,29.025344123956287
44,L,29.344211034309435
45,L,29.78182244561819
45,L,31.762891603042476
45,L,29.786799983973346
46,L,31.239596502344003
46,L,30.735879215239784
46,L,29.897857507366652
47,L,31.28530336896142
47,L,29.463129866988577
47,L,29.753782832396233
48,L,29.891472522706188
48,L,30.62331501100455
48,L,31.049640424027356
49,L,29.736395681864717
49,L,31.107789508007375
49,L,29.831795993956412
50,L,30.86616680239283
50,L,31.8680831922382
50,L,29.964837255756127
51,L,31.811840114789504
51,L,29.350329442997353
51,L,29.34671464387946
52,L,30.458208400390568
52,L,32.11664875234589
52,L,29.29124712394122
53,L,32.00032098883572
53,L,30.478365864484214
53,L,31.137867635774867
54,L,32.23761889918828
54,L,29.249342901834456
54,L,30.02357549535854
55,L,30.643879609530565
55,L,30.504304062113928
55,L,30.63530103709399
56,L,29.10867790841121
56,L,32.002275927866336
56,L,31.0108383832595
57,L,29.94676833511453
57,L,30.594939842851115
57,L,29.958024647289616
58,L,31.13173021954671
58,L,30.69821550264024
58,L,31.006546782785307
59,L,29.96159330886687
59,L,31.848359685159018
59,L,29.914669969581222
60,L,29.883492194469227
60,L,28.476905863327335
60,L,30.751684453025543
61,L,30.348698975791564
61,L,30.288888863782375
61,L,29.44584374627303
62,L,31.133448565967218
62,L,30.832318465210584
62,L,27.819920648953662
63,L,28.819553412431976
63,L,29.12089196013458
63,L,30.673015698940304
64,L,29.405377743356294
64,L,29.21743676411039
64,L,30.760155438274925
65,L,28.962913154411112
65,L,28.395070347785317
65,L,30.46326125846763
66,L,29.256207569073048
66,L,30.887061645647304
66,L,29.79377552466056
67,L,30.423145571733563
67,L,30.40038298090486
67,L,31.222165460111903
68,L,30.01124616574002
68,L,30.785156067012394
68,L,30.30935915615168
69,L,31.859229695301337
69,L,30.288633449569804
69,L,30.719781016462314
70,L,29.323738336686983
70,L,30.493556577445645
70,L,30.08177216188725
71,L,28.512885098452895
71,L,30.180088565809672
71,L,31.64424492353042
72,L,32.7038868163426
72,L,31.41610644842113
72,L,30.86614599565177
73,L,29.466874095119486
73,L,29.403937122116243
73,L,29.424526977421024
74,L,30.562469824712863
74,L,30.198963577596903
74,L,29.074804196152666
75,L,29.520574859365468
75,L,28.87213221108655
75,L,30.187837031347076
76,L,30.011016657963644
76,L,29.73147677466224
76,L,28.755723287429824
77,L,30.953879105450746
77,L,28.606911358872246
77,L,30.568929483220895
78,L,30.388821919249416
78,L,29.756833283711067
78,L,31.49258442329839
79,L,30.43189664830774
79,L,31.13542062172239
79,L,29.0258589982501
80,L,30.999388806090092
80,L,29.735614893509617
80,L,29.853052212467922
81,L,28.929225548755433
81,L,29.02163644224635
81,L,31.465723986676373
82,L,30.53937367952479
82,L,31.45337182776077
82,L,30.149478453683457
83,L,29.79898948648765
83,L,30.32329068934062
83,L,29.0421357523334
84,L,30.2870796123167
84,L,31.27042908694695
84,L,31.470537198550982
85,L,31.74145811482022
85,L,31.03569841950992
85,L,28.452363704926455
86,L,28.794878751502278
86,L,30.152178214139905
86,L,30.203085283216954
87,L,31.062080153972754
87,L,32.31283952224176
87,L,28.682966580697773
88,L,29.615750561557675
88,L,30.695639069141603
88,L,30.572883304215434
89,L,29.23919308553152
89,L,29.235799989833815
89,L,30.160557312067663
90,L,30.806712995531647
90,L,29.850161381524142
90,L,30.20596199302673
91,L,29.729946179175837
91,L,29.76523226139147
91,L,30.424644632260613
92,L,29.177420117879343
92,L,30.331466712594075
92,L,29.571035534189072
93,L,29.430445910370665
93,L,32.42409379565412
93,L,30.777773140141612
94,L,30.41028403431448
94,L,29.85890991292573
94,L,32.381174288954035
95,L,30.57502202626209
95,L,32.24968472796476
95,L,30.440030054664337
96,L,29.243119501002564
96,L,30.23100215974492
96,L,30.4621519683383
97,L,29.520744698894276
97,L,30.683645038653495
97,L,30.718313413796256
98,L,30.0886446696722
98,L,29.767874451210513
98,L,29.66285042016091
99,L,28.831076506643196
99,L,30.166668130757788
99,L,29.755516234881664
100,L,32.35857432730177
100,L,28.966623267453866
100,L,30.068451893278095
101,L,30.234321832709295
101,L,29.745594990535984
101,L,30.244023294000463
102,L,31.139981906793967
102,L,28.798456743736505
102,L,30.43729031726519
103,L,28.84729798572953
103,L,30.115369507472703
103,L,30.9565193397384
104,L,28.254477629597492
104,L,29.034181185699197
104,L,28.599508097470228
105,L,32.31249978661765
105,L,29.727855357707583
105,L,29.523338578652016
106,L,30.98552050343165
106,L,30.15166582879202
106,L,29.892640498332014
107,L,30.47387913873343
107,L,31.062628901253394
107,L,30.955614568732685
108,L,32.054960017725485
108,L,30.871485839699915
108,L,31.228421091618472
109,L,31.41134906156321
109,L,31.286808963523743
109,L,28.597542477071205
110,L,30.86545404095004
110,L,31.048513558439122
110,L,29.64617623274547
111,L,30.6443618822781
111,L,31.67089469162804
111,L,30.889217917471594
112,L,31.438259205097808
112,L,29.682151942548625
112,L,30.00450520879653
113,L,29.63593508414864
113,L,29.309984713438123
113,L,31.842920371452976
114,L,31.74978767701137
114,L,29.987664388581845
114,L,29.41466852383126
115,L,29.4367705007702
115,L,32.669944297461605
115,L,29.41669681139872
116,L,30.178068277424714
116,L,30.680859390989784
116,L,30.208352805969795
117,L,31.719835571721212
117,L,30.22040527180004
117,L,29.775137291183654
118,L,30.649606425762762
118,L,31.266684571618473
118,L,29.668153977832937
119,L,31.662128651628095
119,L,30.83784338752799
119,L,30.608782187320823
120,L,29.801514758520636
120,L,31.05276358692319
120,L,28.853380356466186
121,L,27.74843909809371
121,L,29.45459994521483
121,L,31.35088704947128
122,L,30.37921845953062
122,L,31.07107352995634
122,L,29.437487732837333
123,L,30.464794425468455
123,L,30.58723620855858
123,L,27.24390435826391
124,L,30.2791181909068
124,L,29.623610680959654
124,L,28.99678856007092
125,L,28.73689827403706
125,L,30.042116213317225
125,L,27.91952077680727
126,L,30.249992267397364
126,L,31.53310282275088
126,L,30.584411924971782
127,L,29.066229988542478
127,L,26.730967719373172
127,L,29.7591269577903
128,L,28.563976868600363
128,L,30.212750119409804
128,L,28.927135980884394
129,L,30.069137709737895
129,L,32.267131516124614
129,L,29.85365198728719
130,L,30.180538082065304
130,L,30.003770727567602
130,L,30.400708920172864
131,L,30.14953260766085
131,L,30.775875226427402
131,L,30.54137481852809
132,L,30.201317119290454
132,L,29.852366507116233
132,L,28.961339368033634
133,L,29.13091637729364
133,L,29.771408272011513
133,L,30.52862682653531
134,L,31.0643181251579
134,L,31.132679592109408
134,L,29.093669982159835
135,L,29.11993701412466
135,L,29.69179940129392
135,L,29.419079892086668
136,L,29.112470731502242
136,L,28.869414973099474
136,L,29.67700225843743
137,L,30.462586875059667
137,L,29.407619635764377
137,L,30.168643072725832
138,L,28.87958273574158
138,L,30.681512818136802
138,L,32.393061526564054
139,L,30.6096704425713
139,L,29.803573066627877
139,L,30.015044689854665
140,L,29.733454788865586
140,L,29.271081225889976
140,L,30.20488525663027
141,L,30.026660668383908
141,L,31.19586229069135
141,L,29.676549565878503
142,L,29.310191792860763
142,L,30.02185936572257
142,L,29.287247129656286
143,L,31.210262428658602
143,L,31.50796403629776
143,L,29.844532707182754
144,L,29.027152328454644
144,L,30.3796935996462
144,L,31.699629093023677
145,L,29.075135927882194
145,L,29.673248433377378
145,L,30.941267295858914
146,L,29.944027559330184
146,L,30.671938768110778
146,L,29.932464545606884
147,L,29.52410289417759
147,L,31.22679760292295
147,L,31.56473320917903
148,L,30.53637932878026
148,L,30.431186816760317
148,L,30.10017188817163
149,L,29.4696233168226
149,L,30.68280715497043
149,L,29.529183328455897
150,L,30.31181918718168
150,L,29.867284171857996
150,L,29.458796679094945
151,L,28.93702607064388
151,L,31.39510836180605
151,L,30.241139200245602
152,L,30.0526219818822
152,L,31.47924385309484
152,L,29.36105505201344
153,L,31.96962332403218
153,L,30.422284553601948
153,L,28.83029670881131
154,L,31.89372339398917
154,L,29.6705024521307
154,L,27.92235689722524
155,L,30.194127888543115
155,L,30.476356088444227
155,L,30.478315521509945
156,L,30.10084252420985
156,L,30.481712128394086
156,L,29.723344112520817
157,L,29.30801877334543
157,L,30.134259241509604
157,L,31.11367634991242
158,L,29.187887914746135
158,L,30.89717761821316
158,L,29.962435870163358
159,L,29.30455142930637
159,L,29.607553887253815
159,L,29.97108253180163
160,L,31.987557917564942
160,L,31.11009585649108
160,L,29.94874284724553
161,L,28.58616981226002
161,L,30.33019941291108
161,L,28.97064199359963
162,L,31.577869265969404
162,L,29.926617479607586
162,L,31.749502593348478
163,L,30.874458293564825
163,L,29.20249098976941
163,L,30.31952700226818
164,L,30.571348028358287
164,L,30.784692383106755
164,L,28.024775357685503
165,L,30.437431962502558
165,L,30.17942247771459
165,L,30.88649782460129
166,L,29.774751631113244
166,L,28.932256417263233
166,L,30.23807103656328
167,L,30.618101598461013
167,L,30.818041128116825
167,L,30.73805856897962
168,L,31.413711893831046
168,L,29.56149911310459
168,L,28.931587791842084
169,L,30.433980323561276
169,L,32.47704065649682
169,L,31.447657295773254
170,L,32.34350412761073
170,L,29.725267281615437
170,L,27.658802682031176
171,L,29.805088243230603
171,L,30.531273850201845
171,L,28.708190461657917
172,L,29.571948652737845
172,L,29.77894489790111
172,L,31.132658981770213
173,L,30.228335714886157
173,L,31.857522636962106
173,L,28.412880960268645
174,L,31.17519079013415
174,L,29.81965901235994
174,L,29.121268765295884
175,L,30.681277648843547
175,L,29.878308412824882
175,L,29.09512032193701
176,L,30.635236556852234
176,L,30.171897147643403
176,L,29.48485305367562
177,L,28.22060765386565
177,L,29.546371589323766
177,L,30.609206087586525
178,L,30.554135729867514
178,L,32.43947610116786
178,L,32.21753228873746
179,L,30.579487514155034
179,L,31.083798186138154
179,L,30.120762311852634
180,L,29.539575929081494
180,L,29.122868583788808
180,L,28.574708945996797
181,L,29.724472028097175
181,L,29.79075825100116
181,L,31.070363011699065
182,L,29.99514330939357
182,L,29.500022177580455
182,L,31.503098203959617
183,L,30.761896560508514
183,L,30.227917195164768
183,L,29.436122312254522
184,L,29.76832235598673
184,L,30.89935192782306
184,L,32.00429300113765
185,L,29.62735144828195
185,L,31.019563744811354
185,L,30.880627975123485
186,L,30.883392931176353
186,L,30.98915247022615
186,L,29.646940242370356
187,L,29.635911686946184
187,L,29.492961252574403
187,L,31.45010803055005
188,L,28.715052988769145
188,L,29.585476586715437
188,L,29.016090630993233
189,L,29.278276548499914
189,L,31.69639432937859
189,L,29.192116581001653
190,L,30.050105200537008
190,L,30.303768429956527
190,L,30.13197933235763
191,L,28.74871288003816
191,L,32.945448050247364
191,L,30.641018776100452
192,L,30.706777487924487
192,L,30.5235929907099
192,L,28.33191064111076
193,L,31.225469003198423
193,L,29.23312772757199
193,L,31.06939584584265
194,L,29.521450196721833
194,L,29.377491954064087
194,L,30.35616213327869
195,L,30.589472591527294
195,L,28.393319712380777
195,L,29.676752124812797
196,L,31.146131950366225
196,L,29.607098084845514
196,L,32.136918476671056
197,L,29.950548412797072
197,L,30.333399124823934
197,L,28.91054082581254
198,L,29.46814146099331
198,L,31.609807870966446
198,L,30.805547615833717
199,L,30.10223453567004
199,L,29.59304163050326
199,L,31.37564668586409
200,L,31.60162571141259
200,L,31.465615194747233
200,L,30.31038096801783
201,L,32.083759967984264
201,L,27.700904187668137
201,L,29.277098699134545
202,L,31.11336328194401
202,L,29.06867793174165
202,L,30.294669472161075
203,L,30.096956185699884
203,L,30.4023179137458
203,L,29.33430857670684
204,L,28.907271591559855
204,L,28.341259030855664
204,L,28.94622422535701
205,L,31.177547574027464
205,L,31.10386146397014
205,L,30.371529895717863
206,L,29.488881778233814
206,L,29.618474469188126
206,L,31.32175241616123
207,L,29.965098135925988
207,L,28.847564696877342
207,L,30.0482766733552
208,L,30.904554271625283
208,L,31.53712910186445
208,L,29.933785232359696
209,L,30.48579220305701
209,L,29.985430836951256
209,L,30.422091688773772
210,L,28.43704764673529
210,L,31.88478981418196
210,L,29.780760798268044
211,L,29.003682283418037
211,L,31.14046958859969
211,L,30.843544359257656
212,L,28.583740945137084
212,L,31.27005005701752
212,L,29.02623265666444
213,L,29.852310623469894
213,L,30.28382736871137
213,L,29.324673015200254
214,L,31.025802100793197
214,L,29.693544828176144
214,L,30.342043924273636
215,L,30.185461878136913
215,L,28.091432833051442
215,L,28.681471845432313
216,L,29.418475744284954
216,L,29.19662446046756
216,L,30.587718357370346
217,L,32.23353440885943
217,L,29.50872809128939
217,L,30.521812460303536
218,L,32.42105863880034
218,L,29.69591189204501
218,L,29.50711711045951
219,L,30.06645009557858
219,L,29.438968241005828
219,L,28.94523593942518
220,L,30.49517305235854
220,L,27.691496129376883
220,L,29.538683899122194
221,L,32.473850994822406
221,L,29.37802063469441
221,L,29.723246689631644
222,L,30.656633572653494
222,L,30.98551915392851
222,L,30.83844126475621
223,L,29.902056462690048
223,L,29.30281218917118
223,L,30.212529358519163
224,L,29.253506016527183
224,L,30.919709029256087
224,L,27.93721138549442
225,L,29.64590384429879
225,L,31.04522203899905
225,L,31.203052442916277
226,L,30.870853827338856
226,L,28.418969835863756
226,L,32.84972531629147
227,L,29.701977194006616
227,L,28.829091692432808
227,L,31.711561461020032
228,L,28.32369186751385
228,L,30.330415197282626
228,L,27.735666613198
229,L,29.635613936836137
229,L,30.53617754020641
229,L,29.20336816405973
230,L,30.69317106033931
230,L,29.269432044051687
230,L,30.65740949737257
231,L,30.322263947126345
231,L,29.497939699315772
231,L,28.830912652731243
232,L,29.644793108913053
232,L,30.09249144002308
232,L,29.186948412676312
233,L,30.249184615364147
233,L,29.6852749384717
233,L,30.058067791114762
234,L,30.361808477330843
234,L,30.9797931100817
234,L,30.3679336197881
235,L,30.14448929808763
235,L,33.13086434500304
235,L,30.505657950190137
236,L,28.910990032796544
236,L,30.238917516455487
236,L,29.748463977609347
237,L,30.43102298273017
237,L,29.513430823524544
237,L,31.596704298728206
238,L,30.147876221413636
238,L,28.21533105306751
238,L,31.22137512601965
239,L,31.017500932490687
239,L,30.212653325579502
239,L,32.06232876598173
240,L,31.446710580354644
240,L,32.39034870994337
240,L,28.971954202174864
241,L,29.42814631953957
241,L,30.09581952071229
241,L,30.64381688570711
242,L,29.78977738507055
242,L,29.36428125691056
242,L,30.2618106456375
243,L,30.158446271629845
243,L,30.057819186532207
243,L,30.479580996870602
244,L,29.470203005143407
244,L,30.889663134777585
244,L,29.632157583553184
245,L,30.73742881068197
245,L,30.215533999436555
245,L,29.207537113999834
246,L,30.013136254222736
246,L,30.144824022255072
246,L,30.238927617698643
247,L,31.014434878518674
247,L,29.45429120499834
247,L,30.61289841901981
248,L,30.513078248214395
248,L,30.503722626889328
248,L,28.526217637207623
249,L,29.95727056586554
249,L,29.739171503969143
249,L,30.555472930231023
250,L,28.57676789652024
250,L,30.669488995510058
250,L,30.02819613974813
251,L,30.260829812940433
251,L,30.563488674252895
251,L,31.220249401364452
252,L,29.60401187490846
252,L,28.888814256156515
252,L,31.025930772318002
253,L,29.65311233325358
253,L,30.591057008953396
253,L,29.134235650848897
254,L,30.34530492094465
254,L,30.860039625523022
254,L,30.462609099810226
255,L,31.011266823105167
255,L,29.218042168783498
255,L,28.9127000445486
256,L,31.101449375144355
256,L,30.869248779148272
256,L,30.725477180268093
